Name;Status;Population;Population;Population;Population
;;Census;Census;Census;Census
;;14/02/2000;17/10/2005;31/05/2010;15/03/2020
Aguascalientes;State;944,285;1,065,416;1,184,996;1,425,607
Aguascalientes;Municipality;643,419;723,043;797,010;948,990
Asientos;Municipality;37,763;40,547;45,492;51,536
Calvillo;Municipality;51,291;50,183;54,136;58,250
Cosío;Municipality;12,619;13,687;15,042;17,000
El Llano;Municipality;15,327;17,115;18,828;20,853
Jesús María;Municipality;64,097;82,623;99,590;129,929
Pabellón de Arteaga;Municipality;34,296;38,912;41,862;47,646
Rincón de Romos;Municipality;41,655;45,471;49,156;57,369
San Francisco de los Romo;Municipality;20,066;28,832;35,769;61,997
San José de Gracia;Municipality;7,244;7,631;8,443;9,552
Tepezalá;Municipality;16,508;17,372;19,668;22,485
Baja California;State;2,487,367;2,844,469;3,155,070;3,769,020
Ensenada;Municipality;...;335,263;377,804;443,807
Mexicali;Municipality;764,602;855,962;936,826;1,049,792
Playas de Rosarito [Rosarito Beach];Municipality;63,420;73,305;90,668;126,890
San Quintín (← Ensenada);Municipality;...;78,218;89,010;117,568
Tecate;Municipality;77,795;91,021;101,079;108,440
Tijuana;Municipality;1,210,820;1,410,700;1,559,683;1,922,523
Baja California Sur;State;424,041;512,170;637,026;798,447
Comondú;Municipality;63,864;63,830;70,816;73,021
La Paz;Municipality;196,907;219,596;251,871;292,241
Loreto;Municipality;11,812;11,839;16,738;18,052
Los Cabos;Municipality;105,469;164,162;238,487;351,111
Mulegé;Municipality;45,989;52,743;59,114;64,022
Campeche;State;690,689;754,730;822,441;928,363
Calakmul;Municipality;23,115;23,814;26,882;31,714
Calkiní;Municipality;46,899;49,850;52,890;59,232
Campeche;Municipality;216,897;238,850;259,005;294,077
Candelaria;Municipality;37,681;37,006;41,194;46,913
Carmen;Municipality;172,076;199,988;221,094;248,845
Champotón;Municipality;...;63,284;69,231;78,170
Escárcega;Municipality;50,563;50,106;54,184;59,923
Hecelchakán;Municipality;24,889;26,973;28,306;31,917
Hopelchén;Municipality;31,214;34,687;37,777;42,140
Palizada;Municipality;8,401;8,290;8,352;8,683
Seybaplaya (← Champotón);Municipality;...;12,832;13,790;15,297
Tenabo;Municipality;8,400;9,050;9,736;11,452
Chiapas;State;3,920,892;4,293,459;4,796,580;5,543,828
Acacoyagua;Municipality;14,189;14,653;16,814;17,994
Acala;Municipality;...;17,261;19,090;21,187
Acapetahua;Municipality;25,154;24,165;27,580;26,899
Aldama;Municipality;3,635;4,906;5,072;8,480
Altamirano;Municipality;21,948;24,725;29,865;36,160
Amatán;Municipality;18,778;19,637;21,275;24,512
Amatenango de la Frontera;Municipality;26,094;25,346;29,547;31,735
Amatenango del Valle;Municipality;6,559;8,506;8,728;11,283
Ángel Albino Corzo;Municipality;21,848;28,883;26,628;31,947
Arriaga;Municipality;37,989;38,572;40,042;41,135
Bejucal de Ocampo;Municipality;6,673;6,612;7,623;7,365
Bella Vista;Municipality;18,205;17,553;19,281;20,157
Benemérito de las Américas;Municipality;14,436;15,213;17,282;23,603
Berriozábal;Municipality;28,719;33,842;43,179;64,632
Bochil;Municipality;22,722;26,446;30,642;37,263
Cacahoatán;Municipality;39,033;40,975;43,811;50,112
Capitán Luis Ángel Vidal (← Siltepec);Municipality;...;3,184;3,653;4,315
Catazajá;Municipality;15,709;15,876;17,140;17,619
Chalchihuitán;Municipality;12,256;13,295;14,027;21,915
Chamula;Municipality;59,005;67,085;76,941;101,967
Chanal;Municipality;7,568;9,050;10,817;13,678
Chapultenango;Municipality;6,965;7,124;7,332;7,472
Chenalhó;Municipality;27,331;31,788;36,111;47,371
Chiapa de Corzo;Municipality;60,620;73,552;87,603;112,075
Chiapilla;Municipality;5,242;4,957;5,405;6,156
Chicoasén;Municipality;4,345;5,112;5,018;5,402
Chicomuselo;Municipality;24,994;28,260;31,515;36,785
Chilón;Municipality;77,686;95,907;111,554;137,262
Cintalapa;Municipality;64,013;73,668;78,114;88,106
Coapilla;Municipality;7,217;7,681;8,444;9,900
Comitán de Domínguez;Municipality;105,210;121,263;141,013;166,178
Copainalá;Municipality;19,298;20,257;21,050;22,192
El Bosque;Municipality;14,993;14,932;18,559;24,273
El Parral (← Villa Corzo);Municipality;...;13,291;14,169;15,587
El Porvenir;Municipality;11,641;12,831;13,201;12,263
Emiliano Zapata (← Acala);Municipality;...;8,742;9,857;10,783
Escuintla;Municipality;28,064;27,364;30,068;30,896
Francisco León;Municipality;5,236;6,454;7,000;7,245
Frontera Comalapa;Municipality;52,168;57,580;67,012;80,897
Frontera Hidalgo;Municipality;10,917;10,902;12,665;14,556
Honduras de la Sierra (← Siltepec);Municipality;...;10,005;10,708;11,650
Huehuetán;Municipality;31,464;30,450;33,444;36,333
Huitiupán;Municipality;20,041;20,087;22,536;27,893
Huixtán;Municipality;18,630;19,018;21,507;22,975
Huixtla;Municipality;48,476;47,953;51,359;53,242
Ixhuatán;Municipality;8,877;8,734;10,239;11,377
Ixtacomitán;Municipality;9,143;9,696;10,176;10,961
Ixtapa;Municipality;18,533;21,705;24,517;28,999
Ixtapangajoya;Municipality;4,707;4,911;5,478;6,284
Jiquipilas;Municipality;34,937;35,831;37,818;41,063
Jitotol;Municipality;13,076;15,005;18,683;24,966
Juárez;Municipality;19,956;20,173;21,084;21,807
La Concordia;Municipality;39,770;40,189;44,082;49,920
La Grandeza;Municipality;5,969;6,723;7,272;7,701
La Independencia;Municipality;32,245;36,951;41,266;46,409
La Libertad;Municipality;5,288;5,286;4,974;5,232
Larráinzar;Municipality;16,538;17,320;20,349;31,259
Las Margaritas;Municipality;86,413;98,374;111,484;141,027
Las Rosas;Municipality;21,100;24,969;25,530;28,829
La Trinitaria;Municipality;59,686;60,417;72,769;83,111
Mapastepec;Municipality;39,055;37,945;43,913;46,130
Maravilla Tenejapa;Municipality;11,147;10,906;11,451;14,714
Marqués de Comillas;Municipality;8,580;8,538;9,856;12,892
Mazapa de Madero;Municipality;7,180;6,845;7,793;7,901
Mazatán;Municipality;24,079;24,017;26,573;28,250
Metapa;Municipality;4,794;4,806;5,033;5,876
Mezcalapa (← Tecpatán);Municipality;...;19,609;21,008;23,847
Mitontic;Municipality;7,602;9,042;11,157;13,755
Montecristo de Guerrero;Municipality;5,086;6,511;6,900;8,412
Motozintla;Municipality;59,875;58,115;69,119;76,398
Nicolás Ruíz;Municipality;3,135;3,935;4,317;4,765
Ocosingo;Municipality;146,696;170,280;198,877;234,661
Ocotepec;Municipality;9,271;10,543;11,878;14,088
Ocozocoautla de Espinosa;Municipality;65,673;72,305;81,885;97,397
Ostuacán;Municipality;17,026;16,392;17,067;18,469
Osumacinta;Municipality;3,132;3,440;3,792;3,983
Oxchuc;Municipality;37,887;41,423;43,350;54,932
Palenque;Municipality;85,464;97,991;110,918;132,265
Pantelhó;Municipality;16,262;19,228;20,589;26,391
Pantepec;Municipality;8,566;9,785;10,870;12,266
Pichucalco;Municipality;29,357;29,583;29,813;31,919
Pijijiapan;Municipality;46,949;46,439;50,079;51,193
Pueblo Nuevo Solistahuacán;Municipality;...;21,691;23,831;29,636
Rayón;Municipality;6,870;7,965;9,002;10,866
Reforma;Municipality;34,809;34,896;40,711;44,829
Rincón Chamula San Pedro (← Pueblo Nuevo Solistahuacán);Municipality;...;6,141;7,244;8,718
Sabanilla;Municipality;21,156;23,675;25,187;29,889
Salto de Agua;Municipality;49,300;53,547;57,253;64,251
San Andrés Duraznal;Municipality;3,423;3,145;4,545;6,047
San Cristóbal de Las Casas;Municipality;132,421;166,460;185,917;215,874
San Fernando;Municipality;26,436;29,543;33,060;41,793
San Juan Cancuc;Municipality;20,688;24,906;29,016;37,948
San Lucas;Municipality;5,673;5,918;6,734;7,526
Santiago el Pinar;Municipality;2,174;2,854;3,245;4,959
Siltepec;Municipality;...;22,682;23,782;25,937
Simojovel;Municipality;31,615;32,451;40,297;52,935
Sitalá;Municipality;7,987;10,246;12,269;15,518
Socoltenango;Municipality;15,171;15,885;17,125;19,092
Solosuchiapa;Municipality;7,784;7,900;8,065;8,561
Soyaló;Municipality;7,767;8,852;9,740;10,890
Suchiapa;Municipality;15,890;18,406;21,045;25,627
Suchiate;Municipality;30,251;32,976;35,056;41,672
Sunuapa;Municipality;1,936;2,088;2,235;2,308
Tapachula;Municipality;271,674;282,420;320,451;353,706
Tapalapa;Municipality;3,639;3,928;4,121;4,547
Tapilula;Municipality;10,349;9,934;12,170;13,592
Tecpatán;Municipality;...;18,055;20,211;21,426
Tenejapa;Municipality;33,161;37,826;40,268;48,162
Teopisca;Municipality;26,996;32,368;37,607;49,499
Tila;Municipality;58,153;63,172;71,432;83,505
Tonalá;Municipality;78,438;78,516;84,594;91,913
Totolapa;Municipality;5,513;5,839;6,375;7,211
Tumbalá;Municipality;26,866;28,884;31,723;38,025
Tuxtla Chico;Municipality;33,467;34,101;37,737;41,024
Tuxtla Gutiérrez;Municipality;434,143;503,320;553,374;604,147
Tuzantán;Municipality;23,180;24,417;28,137;30,302
Tzimol;Municipality;11,925;12,757;14,009;16,560
Unión Juárez;Municipality;13,934;13,459;14,089;16,008
Venustiano Carranza;Municipality;52,833;56,833;61,341;67,292
Villa Comaltitlán;Municipality;26,706;26,414;27,899;30,297
Villa Corzo;Municipality;...;54,523;60,308;65,643
Villaflores;Municipality;85,957;93,023;98,618;109,536
Yajalón;Municipality;26,044;31,457;34,028;40,285
Zinacantán;Municipality;29,754;31,061;36,489;45,373
Chihuahua;State;3,052,907;3,241,444;3,406,465;3,741,869
Ahumada;Municipality;11,901;11,727;11,457;14,635
Aldama;Municipality;19,378;19,879;22,302;26,047
Allende;Municipality;8,561;8,263;8,409;8,487
Aquiles Serdán;Municipality;5,327;6,212;10,688;24,344
Ascensión;Municipality;21,939;22,392;23,975;26,093
Bachíniva;Municipality;6,403;5,843;6,011;5,807
Balleza;Municipality;16,770;16,235;17,672;16,440
Batopilas de Manuel Gómez Morín;Municipality;12,545;13,298;14,362;11,270
Bocoyna;Municipality;27,907;29,907;28,766;23,351
Buenaventura;Municipality;20,056;20,533;22,378;25,146
Camargo;Municipality;45,852;47,209;48,748;49,499
Carichí;Municipality;7,760;8,377;8,795;8,113
Casas Grandes;Municipality;10,004;8,413;10,587;11,815
Chihuahua;Municipality;671,790;758,791;819,543;937,674
Chínipas;Municipality;6,768;7,471;8,441;6,222
Coronado;Municipality;2,205;2,046;2,284;2,034
Coyame del Sotol;Municipality;1,708;1,453;1,681;1,230
Cuauhtémoc;Municipality;124,378;134,785;154,639;180,638
Cusihuiriachi;Municipality;5,784;4,835;5,414;5,099
Delicias;Municipality;116,426;127,211;137,935;150,506
Dr. Belisario Domínguez;Municipality;3,853;2,608;2,911;2,456
El Tule;Municipality;2,177;1,818;1,869;1,448
Galeana;Municipality;3,876;3,774;5,892;6,656
Gómez Farías;Municipality;8,867;7,583;8,624;7,023
Gran Morelos;Municipality;3,875;3,092;3,209;2,448
Guachochi;Municipality;40,615;45,881;49,689;50,180
Guadalupe;Municipality;10,032;9,148;6,458;4,237
Guadalupe y Calvo;Municipality;48,355;51,854;53,499;50,514
Guazapares;Municipality;8,066;8,010;8,998;8,196
Guerrero;Municipality;39,109;37,249;39,626;35,473
Hidalgo del Parral;Municipality;100,821;103,519;107,061;116,662
Huejotitán;Municipality;1,169;1,036;1,049;824
Ignacio Zaragoza;Municipality;7,832;6,631;6,934;5,196
Janos;Municipality;10,214;8,211;10,953;11,005
Jiménez;Municipality;38,323;40,467;41,265;40,859
Juárez;Municipality;1,218,817;1,313,338;1,332,131;1,512,450
Julimes;Municipality;5,165;4,507;4,953;4,980
La Cruz;Municipality;3,777;3,453;3,982;3,704
López;Municipality;4,080;3,914;4,025;4,122
Madera;Municipality;34,056;32,031;29,611;25,144
Maguarichi;Municipality;1,795;2,116;1,921;1,302
Manuel Benavides;Municipality;1,746;1,600;1,601;1,178
Matachí;Municipality;3,221;3,169;3,104;2,742
Matamoros;Municipality;4,429;4,304;4,499;4,314
Meoqui;Municipality;40,018;41,389;43,833;44,853
Morelos;Municipality;9,482;7,172;8,343;7,266
Moris;Municipality;5,219;5,144;5,312;4,447
Namiquipa;Municipality;23,643;20,314;22,880;22,712
Nonoava;Municipality;2,946;2,810;2,849;2,757
Nuevo Casas Grandes;Municipality;54,390;54,411;59,337;65,753
Ocampo;Municipality;7,276;6,298;7,546;8,127
Ojinaga;Municipality;24,307;21,157;26,304;24,534
Praxedis G. Guerrero;Municipality;8,905;8,514;4,799;5,111
Riva Palacio;Municipality;10,020;7,811;8,012;7,695
Rosales;Municipality;14,969;15,935;16,785;16,776
Rosario;Municipality;2,575;2,082;2,235;2,079
San Francisco de Borja;Municipality;2,331;2,243;2,290;2,197
San Francisco de Conchos;Municipality;2,843;2,669;2,983;2,696
San Francisco del Oro;Municipality;6,054;4,838;4,753;5,004
Santa Bárbara;Municipality;11,597;10,120;10,427;11,582
Santa Isabel;Municipality;4,759;3,820;3,937;3,791
Satevó;Municipality;4,962;3,856;3,662;3,414
Saucillo;Municipality;30,644;28,508;32,325;29,862
Temósachic;Municipality;6,989;6,319;6,211;5,320
Urique;Municipality;17,655;19,566;20,386;17,043
Uruachi;Municipality;8,282;7,934;8,200;6,512
Valle de Zaragoza;Municipality;5,309;4,341;5,105;4,775
Ciudad de México (Distrito Federal);Federal District;8,605,239;8,720,916;8,851,080;9,209,944
Álvaro Obregón;City District;687,020;706,567;727,034;759,137
Azcapotzalco;City District;441,008;425,298;414,711;432,205
Benito Juárez;City District;360,478;355,017;385,439;434,153
Coyoacán;City District;640,423;628,063;620,416;614,447
Cuajimalpa de Morelos;City District;151,222;173,625;186,391;217,686
Cuauhtémoc;City District;516,255;521,348;531,831;545,884
Gustavo A. Madero;City District;1,235,542;1,193,161;1,185,772;1,173,351
Iztacalco;City District;411,321;395,025;384,326;404,695
Iztapalapa;City District;1,773,343;1,820,888;1,815,786;1,835,486
La Magdalena Contreras;City District;222,050;228,927;239,086;247,622
Miguel Hidalgo;City District;352,640;353,534;372,889;414,470
Milpa Alta;City District;96,773;115,895;130,582;152,685
Tláhuac;City District;302,790;344,106;360,265;392,313
Tlalpan;City District;581,781;607,545;650,567;699,928
Venustiano Carranza;City District;462,806;447,459;430,978;443,704
Xochimilco;City District;369,787;404,458;415,007;442,178
Coahuila de Zaragoza;State;2,298,070;2,495,200;2,748,391;3,146,771
Abasolo;Municipality;1,126;991;1,070;1,022
Acuña;Municipality;110,487;126,238;136,755;163,058
Allende;Municipality;20,943;20,153;22,675;23,056
Arteaga;Municipality;19,374;19,622;22,544;29,578
Candela;Municipality;1,677;1,672;1,808;1,643
Castaños;Municipality;22,530;23,871;25,892;29,128
Cuatro Ciénegas;Municipality;12,154;12,220;13,013;12,715
Escobedo;Municipality;2,784;2,778;2,901;3,047
Francisco I. Madero;Municipality;46,452;51,528;55,676;59,035
Frontera;Municipality;66,579;70,160;75,215;82,409
General Cepeda;Municipality;11,316;11,284;11,682;11,898
Guerrero;Municipality;2,050;1,877;2,091;1,643
Hidalgo;Municipality;1,441;1,516;1,852;1,735
Jiménez;Municipality;9,724;9,768;9,935;9,502
Juárez;Municipality;1,610;1,393;1,599;1,584
Lamadrid;Municipality;1,781;1,708;1,835;1,764
Matamoros;Municipality;92,029;99,707;107,160;118,337
Monclova;Municipality;193,744;200,160;216,206;237,951
Morelos;Municipality;7,263;7,221;8,207;7,928
Múzquiz;Municipality;62,773;62,710;66,834;71,627
Nadadores;Municipality;5,946;5,822;6,335;6,539
Nava;Municipality;23,019;25,856;27,928;33,129
Ocampo;Municipality;12,053;10,183;10,991;9,642
Parras;Municipality;43,339;44,715;45,401;44,472
Piedras Negras;Municipality;128,130;143,915;152,806;176,327
Progreso;Municipality;3,608;3,379;3,473;3,239
Ramos Arizpe;Municipality;39,853;56,708;75,461;122,243
Sabinas;Municipality;52,379;53,042;60,847;64,811
Sacramento;Municipality;2,006;2,063;2,314;2,471
Saltillo;Municipality;578,046;648,929;725,123;879,958
San Buenaventura;Municipality;20,046;19,620;22,149;24,759
San Juan de Sabinas;Municipality;40,138;40,115;41,649;42,260
San Pedro;Municipality;88,343;93,677;102,650;101,041
Sierra Mojada;Municipality;6,023;5,245;6,375;6,744
Torreón;Municipality;529,512;577,477;639,629;720,848
Viesca;Municipality;18,969;19,328;21,319;20,305
Villa Unión;Municipality;6,159;6,138;6,289;6,188
Zaragoza;Municipality;12,664;12,411;12,702;13,135
Colima;State;542,627;567,996;650,555;731,391
Armería;Municipality;28,574;24,939;28,695;27,626
Colima;Municipality;129,958;132,273;146,904;157,048
Comala;Municipality;19,384;19,495;20,888;21,661
Coquimatlán;Municipality;18,756;17,363;19,385;20,837
Cuauhtémoc;Municipality;26,771;25,576;27,107;31,267
Ixtlahuacán;Municipality;5,478;4,759;5,300;5,623
Manzanillo;Municipality;125,143;137,842;161,420;191,031
Minatitlán;Municipality;8,466;7,478;8,174;10,231
Tecomán;Municipality;99,289;98,150;112,726;116,305
Villa de Álvarez;Municipality;80,808;100,121;119,956;149,762
Durango;State;1,448,661;1,509,117;1,632,934;1,832,650
Canatlán;Municipality;31,291;29,354;31,401;31,454
Canelas;Municipality;4,298;4,091;4,122;4,321
Coneto de Comonfort;Municipality;4,554;4,309;4,530;4,084
Cuencamé;Municipality;32,805;31,616;33,664;34,955
Durango;Municipality;491,436;526,659;582,267;688,697
El Oro;Municipality;12,247;10,501;11,320;10,384
General Simón Bolívar;Municipality;10,644;9,569;10,629;10,038
Gómez Palacio;Municipality;273,315;304,515;327,985;372,750
Guadalupe Victoria;Municipality;32,011;32,058;34,052;36,695
Guanaceví;Municipality;10,794;10,224;10,149;9,869
Hidalgo;Municipality;4,619;4,208;4,265;3,843
Indé;Municipality;6,011;4,824;5,280;4,748
Lerdo;Municipality;112,435;129,191;141,043;163,313
Mapimí;Municipality;22,367;22,940;25,137;26,932
Mezquital;Municipality;27,512;30,069;33,396;48,583
Nazas;Municipality;12,467;12,166;12,411;12,894
Nombre de Dios;Municipality;18,039;17,318;18,488;19,060
Nuevo Ideal;Municipality;25,985;24,245;26,092;27,981
Ocampo;Municipality;10,156;9,222;9,626;8,003
Otáez;Municipality;5,093;4,543;5,208;4,924
Pánuco de Coronado;Municipality;12,853;11,886;11,927;12,656
Peñón Blanco;Municipality;10,490;9,891;10,473;11,118
Poanas;Municipality;24,331;23,466;24,918;25,623
Pueblo Nuevo;Municipality;45,217;47,104;49,162;51,269
Rodeo;Municipality;12,497;11,231;12,788;12,818
San Bernardo;Municipality;4,147;3,726;3,433;2,837
San Dimas;Municipality;21,907;19,303;19,691;17,333
San Juan de Guadalupe;Municipality;6,548;5,858;5,947;5,251
San Juan del Río;Municipality;12,290;10,634;11,855;12,013
San Luis del Cordero;Municipality;2,070;2,013;2,181;2,103
San Pedro del Gallo;Municipality;1,876;1,486;1,709;1,633
Santa Clara;Municipality;6,969;6,457;7,003;6,727
Santiago Papasquiaro;Municipality;43,517;41,539;44,966;49,207
Súchil;Municipality;7,331;6,928;6,761;6,917
Tamazula;Municipality;27,144;25,888;26,368;26,300
Tepehuanes;Municipality;12,937;11,605;10,745;11,378
Tlahualilo;Municipality;19,918;19,882;22,244;21,143
Topia;Municipality;8,727;7,984;8,581;9,320
Vicente Guerrero;Municipality;19,813;20,614;21,117;23,476
Guanajuato;State;4,663,032;4,893,812;5,486,372;6,166,934
Abasolo;Municipality;79,093;77,094;84,332;92,040
Acámbaro;Municipality;110,718;101,762;109,030;108,697
Apaseo el Alto;Municipality;56,817;57,942;64,433;63,392
Apaseo el Grande;Municipality;68,738;73,863;85,319;117,883
Atarjea;Municipality;5,198;5,035;5,610;5,296
Celaya;Municipality;382,958;415,869;468,469;521,169
Comonfort;Municipality;67,642;70,189;77,794;82,216
Coroneo;Municipality;10,347;10,972;11,691;11,083
Cortazar;Municipality;81,359;83,175;88,397;97,928
Cuerámaro;Municipality;25,610;23,960;27,308;30,857
Doctor Mora;Municipality;19,943;21,304;23,324;27,390
Dolores Hidalgo Cuna de la Independencia Nacional;Municipality;128,994;134,641;148,173;163,038
Guanajuato;Municipality;141,196;153,364;171,709;194,500
Huanímaro;Municipality;19,693;18,456;20,117;21,128
Irapuato;Municipality;440,134;463,103;529,440;592,953
Jaral del Progreso;Municipality;31,803;31,780;36,584;38,782
Jerécuaro;Municipality;55,311;46,137;50,832;49,517
León;Municipality;1,134,842;1,278,087;1,436,480;1,721,215
Manuel Doblado;Municipality;38,309;34,313;37,145;41,240
Moroleón;Municipality;47,132;46,751;49,364;47,261
Ocampo;Municipality;20,984;20,579;22,683;26,383
Pénjamo;Municipality;144,426;138,157;149,936;154,960
Pueblo Nuevo;Municipality;10,398;9,750;11,169;12,403
Purísima del Rincón;Municipality;44,778;55,910;68,795;83,842
Romita;Municipality;51,825;50,580;56,655;65,766
Salamanca;Municipality;226,654;233,623;260,732;273,417
Salvatierra;Municipality;94,558;92,411;97,054;94,126
San Diego de la Unión;Municipality;34,088;34,401;37,103;41,054
San Felipe;Municipality;95,359;95,896;106,952;119,793
San Francisco del Rincón;Municipality;100,239;103,217;113,570;130,871
San José Iturbide;Municipality;54,661;59,217;72,411;89,558
San Luis de la Paz;Municipality;96,729;101,370;115,656;128,536
San Miguel de Allende;Municipality;134,880;139,297;160,383;174,615
Santa Catarina;Municipality;4,533;4,544;5,120;5,723
Santa Cruz de Juventino Rosas;Municipality;65,479;70,323;79,214;82,340
Santiago Maravatío;Municipality;7,151;6,389;6,670;6,714
Silao de la Victoria;Municipality;134,337;147,123;173,024;203,556
Tarandacuao;Municipality;11,583;10,252;11,641;11,304
Tarimoro;Municipality;37,418;33,014;35,571;35,905
Tierra Blanca;Municipality;14,515;16,136;18,175;20,007
Uriangato;Municipality;52,931;53,077;59,305;61,494
Valle de Santiago;Municipality;130,821;127,945;141,058;150,054
Victoria;Municipality;17,764;19,112;19,820;21,253
Villagrán;Municipality;45,941;49,653;55,782;65,791
Xichú;Municipality;11,323;10,592;11,560;11,143
Yuriria;Municipality;73,820;63,447;70,782;68,741
Guerrero;State;3,079,649;3,115,202;3,388,768;3,540,685
Acapulco de Juárez;Municipality;722,499;717,766;789,971;779,566
Acatepec;Municipality;25,060;28,525;32,792;40,197
Ahuacuotzingo;Municipality;19,388;23,026;25,027;25,205
Ajuchitlán del Progreso;Municipality;41,266;37,475;38,203;37,655
Alcozauca de Guerrero;Municipality;15,828;16,237;18,971;21,225
Alpoyeca;Municipality;6,062;5,848;6,637;7,813
Apaxtla;Municipality;13,146;12,381;12,389;11,112
Arcelia;Municipality;32,818;31,401;32,181;33,267
Atenango del Río;Municipality;8,504;7,648;8,390;9,147
Atlamajalcingo del Monte;Municipality;5,080;5,143;5,706;5,811
Atlixtac;Municipality;21,407;23,371;26,341;28,491
Atoyac de Álvarez;Municipality;61,736;58,452;61,316;60,680
Ayutla de los Libres;Municipality;55,350;55,974;62,690;69,123
Azoyú;Municipality;...;13,448;14,429;15,099
Benito Juárez;Municipality;15,448;14,444;15,019;15,442
Buenavista de Cuéllar;Municipality;12,619;12,148;12,688;12,982
Chilapa de Álvarez;Municipality;...;105,146;120,790;123,722
Chilpancingo de los Bravo;Municipality;192,947;214,219;241,717;283,354
Coahuayutla de José María Izazaga;Municipality;15,372;13,291;13,025;12,408
Cochoapa el Grande (← Metlatónoc);Municipality;...;15,572;18,778;21,241
Cocula;Municipality;15,666;13,884;14,707;15,579
Copala;Municipality;13,060;11,896;13,636;14,463
Copalillo;Municipality;12,730;13,747;14,456;15,598
Copanatoyac;Municipality;15,753;17,337;18,855;21,648
Coyuca de Benítez;Municipality;69,059;69,064;73,460;73,056
Coyuca de Catalán;Municipality;46,172;41,975;42,069;38,554
Cuajinicuilapa;Municipality;25,641;23,537;25,922;26,627
Cualác;Municipality;6,575;6,816;7,007;7,874
Cuautepec;Municipality;15,156;14,554;15,115;17,024
Cuetzala del Progreso;Municipality;9,869;8,876;9,166;8,272
Cutzamala de Pinzón;Municipality;26,166;20,730;21,388;20,537
Eduardo Neri;Municipality;40,064;40,328;46,158;53,126
Florencio Villarreal;Municipality;19,061;18,713;20,175;22,250
General Canuto A. Neri;Municipality;7,687;6,394;6,301;6,278
General Heliodoro Castillo;Municipality;35,625;34,554;36,586;37,254
Huamuxtitlán;Municipality;14,291;13,806;14,393;17,488
Huitzuco de los Figueroa;Municipality;35,668;35,055;37,364;36,593
Iguala de la Independencia;Municipality;123,960;128,444;140,363;154,173
Igualapa;Municipality;10,192;10,312;10,815;11,739
Iliatenco (← Malinaltepec);Municipality;...;10,039;10,522;11,679
Ixcateopan de Cuauhtémoc;Municipality;7,119;6,104;6,603;6,138
José Joaquín de Herrera (← Chilapa de Álvarez);Municipality;...;14,424;15,678;18,381
Juan R. Escudero;Municipality;21,994;22,805;24,364;26,093
Juchitán (← Azoyú);Municipality;...;6,240;7,166;7,559
La Unión de Isidoro Montes de Oca;Municipality;27,619;25,230;25,712;26,349
Leonardo Bravo;Municipality;22,906;22,982;24,720;26,357
Malinaltepec;Municipality;...;26,613;29,599;29,625
Marquelia (← Azoyú);Municipality;...;11,801;12,912;14,280
Mártir de Cuilapan;Municipality;13,801;15,272;17,702;18,613
Metlatónoc;Municipality;...;17,398;18,976;18,859
Mochitlán;Municipality;10,133;10,709;11,376;12,402
Olinalá;Municipality;22,645;22,437;24,723;28,446
Ometepec;Municipality;50,356;55,283;61,306;68,207
Pedro Ascencio Alquisiras;Municipality;7,852;6,987;6,978;7,076
Petatlán;Municipality;46,328;44,485;44,979;44,583
Pilcaya;Municipality;10,851;11,035;11,558;12,753
Pungarabato;Municipality;34,740;36,466;37,035;38,482
Quechultenango;Municipality;32,541;33,367;34,728;36,143
San Luis Acatlán;Municipality;36,813;41,884;42,360;46,270
San Marcos;Municipality;48,782;44,959;48,501;50,124
San Miguel Totolapan;Municipality;28,986;27,033;28,009;24,139
Taxco de Alarcón;Municipality;100,245;98,854;104,053;105,586
Tecoanapa;Municipality;43,128;42,619;44,079;46,063
Técpan de Galeana;Municipality;60,313;57,848;62,071;65,237
Teloloapan;Municipality;53,950;51,659;53,769;53,817
Tepecoacuilco de Trujano;Municipality;30,838;28,989;30,470;30,806
Tetipac;Municipality;13,318;12,702;13,128;13,552
Tixtla de Guerrero;Municipality;33,620;37,300;40,058;43,171
Tlacoachistlahuaca;Municipality;15,696;18,055;21,306;22,781
Tlacoapa;Municipality;9,195;8,733;9,967;10,092
Tlalchapa;Municipality;12,942;11,286;11,495;11,681
Tlalixtaquilla de Maldonado;Municipality;6,699;6,534;7,096;7,602
Tlapa de Comonfort;Municipality;57,346;65,763;81,419;96,125
Tlapehuala;Municipality;22,677;20,989;21,819;22,209
Xalpatláhuac;Municipality;11,687;12,615;12,240;11,966
Xochihuehuetlán;Municipality;7,863;7,005;7,079;7,862
Xochistlahuaca;Municipality;22,781;25,180;28,089;29,891
Zapotitlán Tablas;Municipality;10,271;9,601;10,516;12,004
Zihuatanejo de Azueta (José Azueta);Municipality;95,548;104,609;118,211;126,001
Zirándaro;Municipality;23,563;20,053;18,813;18,031
Zitlala;Municipality;17,361;19,718;22,587;21,977
Hidalgo;State;2,235,591;2,345,514;2,665,018;3,082,841
Acatlán;Municipality;18,619;17,914;20,077;22,268
Acaxochitlán;Municipality;36,978;34,892;40,583;46,065
Actopan;Municipality;46,010;48,518;54,299;61,002
Agua Blanca de Iturbide;Municipality;8,515;8,443;8,994;10,313
Ajacuba;Municipality;14,507;16,111;17,055;18,872
Alfajayucan;Municipality;17,018;16,859;18,879;19,162
Almoloya;Municipality;10,290;10,638;11,294;12,546
Apan;Municipality;39,513;39,247;42,563;46,681
Atitalaquia;Municipality;21,636;24,749;26,904;31,525
Atlapexco;Municipality;18,029;18,769;19,452;19,812
Atotonilco de Tula;Municipality;24,848;26,500;31,078;62,470
Atotonilco el Grande;Municipality;25,423;23,823;26,940;30,135
Calnali;Municipality;16,381;15,815;16,962;16,150
Cardonal;Municipality;16,943;15,876;18,427;19,431
Chapantongo;Municipality;11,257;11,389;12,271;12,967
Chapulhuacán;Municipality;20,362;20,577;22,402;22,903
Chilcuautla;Municipality;15,069;15,284;17,436;18,909
Cuautepec de Hinojosa;Municipality;45,110;45,527;54,500;60,421
El Arenal;Municipality;14,223;15,037;17,374;19,836
Eloxochitlán;Municipality;3,044;2,417;2,800;2,593
Emiliano Zapata;Municipality;12,281;12,309;13,357;15,175
Epazoyucan;Municipality;11,054;11,522;13,830;16,285
Francisco I. Madero;Municipality;28,492;29,466;33,901;36,248
Huasca de Ocampo;Municipality;15,308;15,201;17,182;17,607
Huautla;Municipality;23,339;22,521;22,621;20,673
Huazalingo;Municipality;11,130;11,863;12,779;12,766
Huehuetla;Municipality;25,098;22,927;23,563;22,846
Huejutla de Reyes;Municipality;108,239;115,786;122,905;126,781
Huichapan;Municipality;38,044;39,734;44,253;47,425
Ixmiquilpan;Municipality;75,833;73,903;86,363;98,654
Jacala de Ledezma;Municipality;12,895;12,057;12,804;12,290
Jaltocán;Municipality;10,100;10,265;10,933;10,523
Juárez Hidalgo;Municipality;3,207;2,820;3,193;2,895
La Misión;Municipality;11,051;10,096;10,452;9,819
Lolotla;Municipality;9,867;9,541;9,843;9,474
Metepec;Municipality;10,200;9,278;11,429;13,078
Metztitlán;Municipality;20,599;20,123;21,623;20,962
Mineral de la Reforma;Municipality;42,223;68,704;127,404;202,749
Mineral del Chico;Municipality;7,013;6,714;7,980;8,878
Mineral del Monte;Municipality;12,885;11,944;13,864;14,324
Mixquiahuala de Juárez;Municipality;35,065;37,747;42,834;47,222
Molango de Escamilla;Municipality;10,769;10,385;11,209;11,578
Nicolás Flores;Municipality;6,838;6,202;6,614;6,265
Nopala de Villagrán;Municipality;14,762;15,099;15,666;16,948
Omitlán de Juárez;Municipality;8,022;7,529;8,963;9,295
Pachuca de Soto;Municipality;245,208;275,578;267,862;314,331
Pacula;Municipality;5,583;4,522;5,049;4,748
Pisaflores;Municipality;16,530;17,214;18,244;18,723
Progreso de Obregón;Municipality;19,041;19,672;22,217;23,641
San Agustín Metzquititlán;Municipality;8,803;8,558;9,364;9,449
San Agustín Tlaxiaca;Municipality;24,248;27,118;32,057;38,891
San Bartolo Tutotepec;Municipality;18,650;17,837;18,137;17,699
San Felipe Orizatlán;Municipality;37,685;38,472;39,181;38,492
San Salvador;Municipality;28,980;28,637;32,773;36,796
Santiago de Anaya;Municipality;13,582;14,066;16,014;18,329
Santiago Tulantepec de Lugo Guerrero;Municipality;26,254;29,246;33,495;39,561
Singuilucan;Municipality;13,269;13,143;14,851;15,142
Tasquillo;Municipality;16,648;15,429;16,865;17,441
Tecozautla;Municipality;30,970;31,609;35,067;38,010
Tenango de Doria;Municipality;17,175;15,793;17,206;17,503
Tepeapulco;Municipality;49,539;49,850;51,664;56,245
Tepehuacán de Guerrero;Municipality;25,880;27,240;29,125;31,235
Tepeji del Río de Ocampo;Municipality;67,858;69,755;80,612;90,546
Tepetitlán;Municipality;8,498;8,893;9,940;10,830
Tetepango;Municipality;8,935;9,697;11,112;11,768
Tezontepec de Aldama;Municipality;38,718;41,909;48,025;55,134
Tianguistengo;Municipality;13,590;13,478;14,037;14,340
Tizayuca;Municipality;46,344;56,573;97,461;168,302
Tlahuelilpan;Municipality;13,936;15,412;17,153;19,067
Tlahuiltepa;Municipality;10,425;9,264;9,753;9,086
Tlanalapa;Municipality;9,839;8,662;10,248;11,113
Tlanchinol;Municipality;32,265;33,694;36,382;37,722
Tlaxcoapan;Municipality;22,641;24,734;26,758;28,626
Tolcayuca;Municipality;11,317;11,746;13,228;21,362
Tula de Allende;Municipality;86,840;93,296;103,919;115,107
Tulancingo de Bravo;Municipality;122,274;129,935;151,584;168,369
Villa de Tezontepec;Municipality;8,982;10,723;11,654;13,032
Xochiatipan;Municipality;16,977;18,157;19,067;18,260
Xochicoatlán;Municipality;7,519;6,954;7,320;7,015
Yahualica;Municipality;20,727;22,238;23,607;24,674
Zacualtipán de Ángeles;Municipality;24,933;25,987;32,437;38,155
Zapotlán de Juárez;Municipality;14,888;16,493;18,036;21,443
Zempoala;Municipality;24,516;27,333;39,143;57,906
Zimapán;Municipality;37,435;34,476;38,516;39,927
Jalisco;State;6,322,002;6,752,113;7,350,682;8,348,151
Acatic;Municipality;19,282;18,551;21,206;23,175
Acatlán de Juárez;Municipality;20,236;22,540;23,241;25,250
Ahualulco de Mercado;Municipality;20,118;21,465;21,714;23,630
Amacueca;Municipality;5,494;5,065;5,545;5,743
Amatitán;Municipality;12,509;13,435;14,648;16,490
Ameca;Municipality;56,681;54,161;57,340;60,386
Arandas;Municipality;...;63,900;72,812;80,609
Atemajac de Brizuela;Municipality;5,958;6,236;6,655;7,758
Atengo;Municipality;5,394;4,918;5,400;5,599
Atenguillo;Municipality;4,318;4,107;4,115;4,176
Atotonilco el Alto;Municipality;51,798;52,204;57,717;64,009
Atoyac;Municipality;8,697;7,870;8,276;8,689
Autlán de Navarro;Municipality;50,846;53,269;57,559;64,931
Ayotlán;Municipality;35,432;35,150;38,291;41,552
Ayutla;Municipality;13,135;12,221;12,664;12,880
Bolaños;Municipality;5,377;5,019;6,820;7,043
Cabo Corrientes;Municipality;9,133;9,034;10,029;10,940
Cañadas de Obregón;Municipality;4,407;3,978;4,152;4,388
Casimiro Castillo;Municipality;21,577;18,913;21,475;20,548
Chapala;Municipality;43,444;43,345;48,839;55,196
Chimaltitán;Municipality;3,926;3,382;3,771;3,270
Chiquilistlán;Municipality;5,536;5,098;5,814;5,983
Cihuatlán;Municipality;32,019;30,241;39,020;40,139
Cocula;Municipality;26,460;25,119;26,174;29,267
Colotlán;Municipality;17,557;16,404;18,091;19,689
Concepción de Buenos Aires;Municipality;5,726;5,221;5,933;6,334
Cuautitlán de García Barragán;Municipality;16,097;16,408;17,322;18,370
Cuautla;Municipality;2,477;2,024;2,171;2,166
Cuquío;Municipality;17,554;16,236;17,795;17,820
Degollado;Municipality;21,044;19,173;21,132;21,226
Ejutla;Municipality;2,155;1,888;2,082;1,981
El Arenal;Municipality;14,523;15,064;17,545;21,115
El Grullo;Municipality;22,499;21,825;23,845;25,920
El Limón;Municipality;6,026;5,410;5,499;5,368
El Salto;Municipality;...;122,265;151,400;232,852
Encarnación de Díaz;Municipality;46,421;47,397;51,396;53,039
Etzatlán;Municipality;17,342;17,564;18,632;20,011
Gómez Farías;Municipality;12,705;12,720;14,011;16,431
Guachinango;Municipality;4,769;4,138;4,323;4,199
Guadalajara;Municipality;1,646,319;1,600,940;1,495,189;1,385,629
Hostotipaquillo;Municipality;8,659;8,228;10,284;8,732
Huejúcar;Municipality;6,273;5,236;6,084;5,920
Huejuquilla el Alto;Municipality;9,047;7,926;8,781;10,015
Ixtlahuacán de los Membrillos;Municipality;21,605;23,420;41,060;67,969
Ixtlahuacán del Río;Municipality;19,503;18,157;19,005;20,465
Jalostotitlán;Municipality;28,110;28,462;31,948;32,678
Jamay;Municipality;21,157;21,223;22,881;24,894
Jesús María;Municipality;19,842;17,884;18,634;18,982
Jilotlán de los Dolores;Municipality;10,280;8,579;9,545;9,425
Jocotepec;Municipality;35,713;37,972;42,164;47,105
Juanacatlán;Municipality;11,792;11,902;13,218;30,855
Juchitlán;Municipality;5,831;5,282;5,515;5,534
La Barca;Municipality;59,086;59,990;64,269;67,937
Lagos de Moreno;Municipality;128,118;140,001;153,817;172,403
La Huerta;Municipality;22,827;20,161;23,428;23,258
La Manzanilla de la Paz;Municipality;3,813;3,623;3,755;4,099
Magdalena;Municipality;18,177;18,924;21,321;21,781
Mascota;Municipality;13,873;13,136;14,245;14,451
Mazamitla;Municipality;11,004;11,671;13,225;14,043
Mexticacán;Municipality;6,974;6,084;6,034;5,307
Mezquitic;Municipality;14,614;15,674;18,084;22,083
Mixtlán;Municipality;3,938;3,279;3,574;3,638
Ocotlán;Municipality;84,200;89,340;92,967;106,050
Ojuelos de Jalisco;Municipality;27,230;28,081;30,097;33,588
Pihuamo;Municipality;14,115;11,681;12,119;11,386
Poncitlán;Municipality;40,827;43,817;48,408;53,659
Puerto Vallarta;Municipality;184,728;220,368;255,681;291,839
Quitupan;Municipality;11,528;8,491;8,691;7,734
San Cristóbal de la Barranca;Municipality;4,348;3,207;3,176;2,924
San Diego de Alejandría;Municipality;6,384;6,181;6,647;7,609
San Gabriel;Municipality;13,736;13,378;15,310;16,548
San Ignacio Cerro Gordo (← Arandas);Municipality;...;16,293;17,626;18,341
San Juan de los Lagos;Municipality;55,305;57,104;65,219;72,230
San Juanito de Escobedo;Municipality;8,610;8,379;8,896;9,433
San Julián;Municipality;14,760;12,974;15,454;16,792
San Marcos;Municipality;3,497;3,533;3,762;3,791
San Martín de Bolaños;Municipality;3,977;3,205;3,405;3,095
San Martín Hidalgo;Municipality;27,286;24,127;26,306;28,102
San Miguel el Alto;Municipality;27,666;26,971;31,166;31,965
San Pedro Tlaquepaque (Tlaquepaque);Municipality;474,178;563,006;608,114;687,127
San Sebastián del Oeste;Municipality;6,577;5,626;5,755;5,086
Santa María del Oro;Municipality;2,769;2,653;2,517;1,815
Santa María de los Ángeles;Municipality;4,204;3,687;3,726;3,515
Sayula;Municipality;30,995;34,755;34,829;37,186
Tala;Municipality;53,616;56,291;69,031;87,690
Talpa de Allende;Municipality;13,797;13,612;14,410;14,997
Tamazula de Gordiano;Municipality;41,111;35,987;37,986;38,955
Tapalpa;Municipality;15,480;16,057;18,096;21,245
Tecalitlán;Municipality;18,047;16,042;16,847;16,705
Techaluta de Montenegro;Municipality;3,204;3,044;3,511;4,072
Tecolotlán;Municipality;16,074;14,984;16,573;16,603
Tenamaxtlán;Municipality;7,179;7,047;7,051;7,302
Teocaltiche;Municipality;37,999;36,976;40,105;39,839
Teocuitatlán de Corona;Municipality;11,817;10,226;10,837;11,039
Tepatitlán de Morelos;Municipality;119,197;126,625;136,123;150,190
Tequila;Municipality;35,502;38,534;40,697;44,353
Teuchitlán;Municipality;8,361;7,743;9,088;9,647
Tizapán el Alto;Municipality;19,766;19,076;20,857;22,758
Tlajomulco de Zúñiga;Municipality;123,619;220,630;416,626;727,750
Tolimán;Municipality;9,277;8,756;9,591;11,219
Tomatlán;Municipality;34,329;31,798;35,050;36,316
Tonalá;Municipality;...;397,900;465,515;569,913
Tonaya;Municipality;5,928;5,557;5,930;5,961
Tonila;Municipality;7,374;7,179;7,256;7,565
Totatiche;Municipality;5,089;4,217;4,435;4,180
Tototlán;Municipality;20,034;19,710;21,871;23,573
Tuxcacuesco;Municipality;4,024;3,770;4,234;5,482
Tuxcueca;Municipality;6,109;5,765;6,316;6,702
Tuxpan;Municipality;33,162;32,462;34,182;37,518
Unión de San Antonio;Municipality;15,664;15,484;17,325;19,069
Unión de Tula;Municipality;14,054;13,133;13,737;13,799
Valle de Guadalupe;Municipality;5,958;6,052;6,705;6,627
Valle de Juárez;Municipality;5,758;5,218;5,798;6,151
Villa Corona;Municipality;15,936;15,196;16,969;19,063
Villa Guerrero;Municipality;5,938;5,182;5,638;5,525
Villa Hidalgo;Municipality;15,381;17,291;18,711;20,088
Villa Purificación;Municipality;12,357;10,975;11,623;11,303
Yahualica de González Gallo;Municipality;23,773;22,920;22,284;22,394
Zacoalco de Torres;Municipality;25,829;25,529;27,901;30,472
Zapopan;Municipality;1,001,021;1,155,790;1,243,756;1,476,491
Zapotiltic;Municipality;28,981;27,290;29,192;33,713
Zapotitlán de Vadillo;Municipality;6,533;6,345;6,685;7,466
Zapotlán del Rey;Municipality;15,478;16,274;17,585;19,279
Zapotlanejo;Municipality;53,461;55,827;63,636;64,806
Zapotlán el Grande (Ciudad Guzmán);Municipality;86,743;96,050;100,534;115,141
México;State;13,096,686;14,007,495;15,175,862;16,992,418
Acambay de Ruíz Castañeda;Municipality;58,389;56,849;60,918;67,872
Acolman;Municipality;61,250;77,035;136,558;171,507
Aculco;Municipality;38,827;40,492;44,823;49,266
Almoloya de Alquisiras;Municipality;15,584;14,196;14,856;15,333
Almoloya de Juárez;Municipality;110,591;126,163;147,653;174,587
Almoloya del Río;Municipality;8,873;8,939;10,886;12,694
Amanalco;Municipality;21,095;20,343;22,868;23,675
Amatepec;Municipality;30,141;27,026;26,334;25,244
Amecameca;Municipality;45,255;48,363;48,421;53,441
Apaxco;Municipality;23,734;25,738;27,521;31,898
Atenco;Municipality;34,435;42,739;56,243;75,489
Atizapán;Municipality;8,172;8,909;10,299;12,984
Atizapán de Zaragoza (Ciudad López Mateos);Municipality;467,886;472,526;489,937;523,674
Atlacomulco;Municipality;76,750;77,831;93,718;109,384
Atlautla;Municipality;25,950;24,110;27,663;31,900
Axapusco;Municipality;20,516;21,915;25,559;29,128
Ayapango;Municipality;5,947;6,361;8,864;10,053
Calimaya;Municipality;35,196;38,770;47,033;68,489
Capulhuac;Municipality;28,808;30,838;34,101;36,921
Chalco;Municipality;217,972;257,403;310,130;400,057
Chapa de Mota;Municipality;22,828;21,746;27,551;31,737
Chapultepec;Municipality;5,735;6,581;9,676;12,772
Chiautla;Municipality;19,620;22,664;26,191;30,045
Chicoloapan;Municipality;77,579;170,035;175,053;200,750
Chiconcuac;Municipality;17,972;19,656;22,819;27,692
Chimalhuacán;Municipality;490,772;525,389;614,453;705,193
Coacalco de Berriozábal;Municipality;252,555;285,943;278,064;293,444
Coatepec Harinas;Municipality;35,068;31,860;36,174;38,643
Cocotitlán;Municipality;10,205;12,120;12,142;15,107
Coyotepec;Municipality;35,358;39,341;39,030;40,885
Cuautitlán;Municipality;75,836;110,345;140,059;178,847
Cuautitlán Izcalli;Municipality;453,298;498,021;511,675;555,163
Donato Guerra;Municipality;28,006;29,621;33,455;37,436
Ecatepec de Morelos;Municipality;1,622,697;1,688,258;1,656,107;1,645,352
Ecatzingo;Municipality;7,916;8,247;9,369;10,827
El Oro;Municipality;30,411;31,847;34,446;36,937
Huehuetoca;Municipality;38,458;59,721;100,023;163,244
Hueypoxtla;Municipality;33,343;36,512;39,864;46,757
Huixquilucan;Municipality;193,468;224,042;242,167;284,965
Isidro Fabela;Municipality;8,168;8,788;10,308;11,929
Ixtapaluca;Municipality;297,570;429,033;467,361;542,211
Ixtapan de la Sal;Municipality;30,529;30,073;33,541;36,911
Ixtapan del Oro;Municipality;6,425;6,349;6,629;6,475
Ixtlahuaca;Municipality;115,165;126,505;141,482;160,139
Jaltenco;Municipality;...;26,359;26,328;28,217
Jilotepec;Municipality;68,336;71,624;83,755;87,671
Jilotzingo;Municipality;15,086;13,825;17,970;19,877
Jiquipilco;Municipality;56,614;59,969;69,031;76,826
Jocotitlán;Municipality;51,979;55,403;61,204;69,264
Joquicingo;Municipality;10,720;11,042;12,840;15,428
Juchitepec;Municipality;18,968;21,017;23,497;27,116
La Paz;Municipality;212,694;232,546;253,845;304,088
Lerma;Municipality;99,870;105,578;134,799;170,327
Luvianos (← Tejupilco);Municipality;...;28,213;27,781;28,822
Malinalco;Municipality;21,712;22,970;25,624;28,155
Melchor Ocampo;Municipality;37,716;37,706;50,240;61,220
Metepec;Municipality;194,463;206,005;214,162;242,307
Mexicaltzingo;Municipality;9,225;10,161;11,712;13,807
Morelos;Municipality;26,971;26,430;28,426;33,164
Naucalpan de Juárez;Municipality;858,711;821,442;833,779;834,434
Nextlalpan;Municipality;19,532;22,507;34,374;57,082
Nezahualcóyotl;Municipality;1,225,972;1,140,528;1,110,565;1,077,208
Nicolás Romero;Municipality;269,546;306,516;366,602;430,601
Nopaltepec;Municipality;7,512;8,182;8,895;10,351
Ocoyoacac;Municipality;49,643;54,224;61,805;72,103
Ocuilan;Municipality;25,989;26,332;31,803;36,223
Otumba;Municipality;29,097;29,889;34,232;36,331
Otzoloapan;Municipality;5,196;4,748;4,864;4,891
Otzolotepec;Municipality;57,583;67,611;78,146;88,783
Ozumba;Municipality;23,592;24,055;27,207;30,785
Papalotla;Municipality;3,469;3,766;4,147;4,862
Polotitlán;Municipality;11,065;12,319;13,002;14,985
Rayón;Municipality;9,024;10,953;12,748;15,972
San Antonio la Isla;Municipality;10,321;11,313;22,152;31,962
San Felipe del Progreso;Municipality;...;100,201;121,396;144,924
San José del Rincón (← San Felipe del Progreso);Municipality;...;79,945;91,345;100,082
San Martín de las Pirámides;Municipality;19,694;21,511;24,851;29,182
San Mateo Atenco;Municipality;59,647;66,740;72,579;97,418
San Simón de Guerrero;Municipality;5,436;5,408;6,272;6,692
Santo Tomás;Municipality;8,592;8,888;9,111;9,729
Soyaniquilpan de Juárez;Municipality;10,007;10,719;11,798;14,323
Sultepec;Municipality;27,592;24,986;25,809;24,145
Tecámac;Municipality;172,813;270,574;364,579;547,503
Tejupilco;Municipality;...;62,547;71,077;79,282
Temamatla;Municipality;8,840;10,135;11,206;14,130
Temascalapa;Municipality;29,307;33,063;35,987;43,593
Temascalcingo;Municipality;61,974;58,169;62,695;66,414
Temascaltepec;Municipality;31,192;30,336;32,870;35,014
Temoaya;Municipality;69,306;77,714;90,010;105,766
Tenancingo;Municipality;77,531;80,183;90,946;104,677
Tenango del Aire;Municipality;8,486;9,432;10,578;11,359
Tenango del Valle;Municipality;65,119;68,669;77,965;90,518
Teoloyucan;Municipality;66,556;73,696;63,115;65,459
Teotihuacán;Municipality;44,653;46,779;53,010;58,507
Tepetlaoxtoc;Municipality;22,729;25,507;27,944;32,564
Tepetlixpa;Municipality;16,863;16,912;18,327;20,500
Tepotzotlán;Municipality;62,280;67,724;88,559;103,696
Tequixquiac;Municipality;28,067;31,080;33,907;39,489
Texcaltitlán;Municipality;16,370;15,824;17,390;18,482
Texcalyacac;Municipality;3,997;4,514;5,111;5,736
Texcoco;Municipality;204,102;209,308;235,151;277,562
Tezoyuca;Municipality;18,852;25,372;35,199;47,044
Tianguistenco;Municipality;58,381;64,365;70,682;84,259
Timilpan;Municipality;14,512;14,335;15,391;16,414
Tlalmanalco;Municipality;42,507;43,930;46,130;49,196
Tlalnepantla de Baz;Municipality;721,415;683,808;664,225;672,202
Tlatlaya;Municipality;36,100;33,308;32,997;31,762
Toluca;Municipality;666,596;747,512;819,561;910,608
Tonanitla (← Jaltenco);Municipality;...;8,081;10,216;14,883
Tonatico;Municipality;11,502;10,901;12,099;12,912
Tultepec;Municipality;93,277;110,145;91,808;157,645
Tultitlán;Municipality;432,141;472,867;524,074;516,341
Valle de Bravo;Municipality;57,375;52,902;61,599;61,590
Valle de Chalco Solidaridad (Xico);Municipality;323,461;332,279;357,645;391,731
Villa de Allende;Municipality;40,164;41,938;47,709;53,275
Villa del Carbón;Municipality;37,993;39,587;44,881;51,498
Villa Guerrero;Municipality;50,829;52,090;59,991;69,086
Villa Victoria;Municipality;74,043;77,819;94,369;108,196
Xalatlaco;Municipality;19,182;20,002;26,865;30,687
Xonacatlán;Municipality;41,402;45,274;46,331;54,633
Zacazonapan;Municipality;3,797;3,836;4,051;5,109
Zacualpan;Municipality;16,101;13,800;15,121;13,522
Zinacantepec;Municipality;121,850;136,167;167,759;203,872
Zumpahuacán;Municipality;15,372;16,149;16,365;18,833
Zumpango;Municipality;99,774;127,988;159,647;280,455
Michoacán de Ocampo;State;3,985,667;3,966,073;4,351,037;4,748,846
Acuitzio;Municipality;9,933;10,052;10,987;11,301
Aguililla;Municipality;19,645;16,159;16,214;14,754
Álvaro Obregón;Municipality;19,502;18,696;20,913;23,000
Angamacutiro;Municipality;15,108;12,333;14,684;14,943
Angangueo;Municipality;10,287;9,990;10,768;10,892
Apatzingán;Municipality;117,949;115,078;123,649;126,191
Aporo;Municipality;2,826;2,705;3,218;3,529
Aquila;Municipality;22,152;20,898;23,536;24,676
Ario;Municipality;30,584;31,647;34,848;36,268
Arteaga;Municipality;23,386;21,173;21,790;20,332
Briseñas;Municipality;9,641;9,560;10,653;11,681
Buenavista;Municipality;38,188;38,036;42,234;45,538
Carácuaro;Municipality;10,351;9,337;9,212;9,176
Charapan;Municipality;10,898;10,867;12,163;13,539
Charo;Municipality;19,169;19,417;21,723;25,138
Chavinda;Municipality;10,968;9,616;9,975;10,417
Cherán;Municipality;16,243;15,734;18,141;20,586
Chilchota;Municipality;30,711;30,299;36,293;40,560
Chinicuila;Municipality;6,870;5,343;5,271;4,773
Chucándiro;Municipality;7,463;5,516;5,166;4,944
Churintzio;Municipality;7,077;5,520;5,564;5,233
Churumuco;Municipality;14,866;13,801;14,366;12,342
Coahuayana;Municipality;13,974;11,632;14,136;17,022
Coalcomán de Vázquez Pallares;Municipality;21,706;18,156;17,615;19,633
Coeneo;Municipality;23,221;19,478;20,492;20,965
Cojumatlán de Régules;Municipality;9,905;9,451;9,980;10,553
Contepec;Municipality;30,107;30,696;32,954;35,070
Copándaro;Municipality;9,151;8,131;8,952;9,484
Cotija;Municipality;21,169;18,207;19,644;20,198
Cuitzeo;Municipality;26,269;26,213;28,227;29,910
Ecuandureo;Municipality;14,915;12,420;12,855;11,850
Epitacio Huerta;Municipality;15,923;15,828;16,218;16,112
Erongarícuaro;Municipality;13,161;13,060;14,555;15,715
Gabriel Zamora;Municipality;20,015;19,876;21,294;21,466
Hidalgo;Municipality;106,421;110,311;117,620;125,712
Huandacareo;Municipality;11,808;11,053;11,592;11,644
Huaniqueo;Municipality;10,153;7,627;7,983;7,945
Huetamo;Municipality;45,441;41,239;41,937;41,973
Huiramba;Municipality;6,711;7,369;7,925;9,015
Indaparapeo;Municipality;16,341;15,134;16,427;18,385
Irimbo;Municipality;13,260;11,416;14,766;16,043
Ixtlán;Municipality;14,393;12,794;13,584;14,302
Jacona;Municipality;54,130;60,029;64,011;68,781
Jiménez;Municipality;14,430;12,815;13,275;12,946
Jiquilpan;Municipality;36,389;31,730;34,199;36,158
José Sixto Verduzco;Municipality;26,500;23,787;25,576;26,213
Juárez;Municipality;11,648;12,016;13,604;14,936
Jungapeo;Municipality;18,586;18,571;19,986;19,834
Lagunillas;Municipality;5,136;4,828;5,506;5,745
La Huacana;Municipality;34,245;31,774;32,757;30,627
La Piedad;Municipality;84,946;91,132;99,576;106,490
Lázaro Cárdenas;Municipality;171,100;162,997;178,817;196,003
Los Reyes;Municipality;57,006;51,788;64,141;78,935
Madero;Municipality;16,620;15,769;17,427;19,086
Maravatío;Municipality;69,382;70,170;80,258;89,311
Marcos Castellanos;Municipality;11,235;11,012;13,031;13,983
Morelia;Municipality;620,532;684,145;729,279;849,053
Morelos;Municipality;10,914;8,525;8,091;7,983
Múgica;Municipality;42,877;40,232;44,963;45,732
Nahuatzen;Municipality;23,221;25,055;27,174;32,598
Nocupétaro;Municipality;8,724;7,649;7,799;8,196
Nuevo Parangaricutiro;Municipality;15,280;16,028;18,834;20,981
Nuevo Urecho;Municipality;8,821;7,722;8,240;9,027
Numarán;Municipality;9,703;9,388;9,599;9,437
Ocampo;Municipality;18,804;20,689;22,628;24,774
Pajacuarán;Municipality;19,688;18,413;19,450;21,028
Panindícuaro;Municipality;18,504;15,781;16,064;14,889
Paracho;Municipality;31,096;31,888;34,721;39,657
Parácuaro;Municipality;23,868;22,802;25,343;26,832
Pátzcuaro;Municipality;77,872;79,868;87,794;98,382
Penjamillo;Municipality;20,097;16,523;17,159;16,621
Peribán;Municipality;20,256;20,965;25,296;29,389
Purépero;Municipality;15,666;15,289;15,306;15,503
Puruándiro;Municipality;71,770;64,590;67,837;69,260
Queréndaro;Municipality;13,438;12,474;13,550;13,961
Quiroga;Municipality;23,893;23,391;25,592;27,176
Sahuayo;Municipality;60,894;61,965;72,841;78,477
Salvador Escalante;Municipality;38,331;38,502;45,217;49,896
San Lucas;Municipality;19,506;16,953;18,461;17,677
Santa Ana Maya;Municipality;13,952;11,925;12,618;12,812
Senguio;Municipality;17,181;15,950;18,427;19,833
Susupuato;Municipality;9,085;7,703;8,704;9,076
Tacámbaro;Municipality;59,192;59,920;69,955;79,540
Tancítaro;Municipality;25,670;26,089;29,414;33,453
Tangamandapio;Municipality;26,245;24,267;27,822;31,716
Tangancícuaro;Municipality;32,821;30,052;32,677;35,256
Tanhuato;Municipality;14,413;14,579;15,176;15,534
Taretan;Municipality;13,287;12,294;13,558;15,589
Tarímbaro;Municipality;39,408;51,479;78,623;114,513
Tepalcatepec;Municipality;24,135;22,152;22,987;24,074
Tingambato;Municipality;11,742;12,630;13,950;16,325
Tingüindín;Municipality;12,833;12,414;13,511;14,934
Tiquicheo de Nicolás Romero;Municipality;16,656;13,665;14,274;12,836
Tlalpujahua;Municipality;25,392;25,373;27,587;28,556
Tlazazalca;Municipality;8,830;6,776;6,890;6,420
Tocumbo;Municipality;11,315;9,820;11,504;12,325
Tumbiscatío;Municipality;10,153;8,363;7,890;5,971
Turicato;Municipality;36,072;31,494;31,877;29,056
Tuxpan;Municipality;23,959;24,509;26,026;25,757
Tuzantla;Municipality;18,103;15,302;16,305;14,329
Tzintzuntzan;Municipality;12,414;12,259;13,556;14,911
Tzitzio;Municipality;11,124;9,394;9,166;8,855
Uruapan;Municipality;265,699;279,229;315,350;356,786
Venustiano Carranza;Municipality;22,512;21,226;23,457;23,469
Villamar;Municipality;20,579;15,512;16,991;15,864
Vista Hermosa;Municipality;17,687;17,412;18,995;20,982
Yurécuaro;Municipality;26,691;26,152;29,995;32,303
Zacapu;Municipality;69,700;70,636;73,455;76,829
Zamora;Municipality;161,918;170,748;186,102;204,860
Zináparo;Municipality;4,084;3,221;3,247;3,232
Zinapécuaro;Municipality;48,917;44,122;46,666;49,005
Ziracuaretiro;Municipality;12,879;13,792;15,222;18,402
Zitácuaro;Municipality;138,050;136,491;155,534;157,056
Morelos;State;1,555,296;1,612,899;1,777,227;1,971,520
Amacuzac;Municipality;16,482;15,359;17,021;17,598
Atlatlahucan;Municipality;14,708;13,863;18,895;25,232
Axochiapan;Municipality;30,436;30,576;33,695;39,174
Ayala;Municipality;69,381;70,023;78,866;89,834
Coatetelco (← Miacatlán);Municipality;...;9,160;9,967;11,347
Coatlán del Río;Municipality;9,356;8,181;9,471;10,520
Cuautla;Municipality;153,329;160,285;175,207;187,118
Cuernavaca;Municipality;338,706;349,102;365,168;378,476
Emiliano Zapata;Municipality;57,617;69,064;83,485;107,053
Hueyapan (← Tetela del Volcán);Municipality;...;6,221;6,756;7,855
Huitzilac;Municipality;15,184;14,815;17,340;24,515
Jantetelco;Municipality;13,745;13,811;15,646;18,402
Jiutepec;Municipality;170,589;181,317;196,953;215,357
Jojutla;Municipality;53,351;51,604;55,115;57,682
Jonacatepec de Leandro Valle;Municipality;13,623;13,598;14,604;16,694
Mazatepec;Municipality;8,821;8,766;9,456;9,653
Miacatlán;Municipality;...;13,531;15,023;15,802
Ocuituco;Municipality;15,090;15,357;16,858;19,219
Puente de Ixtla;Municipality;...;35,382;38,488;40,018
Temixco;Municipality;92,850;98,560;108,126;122,263
Temoac;Municipality;12,065;12,438;14,641;16,574
Tepalcingo;Municipality;24,133;23,209;25,346;28,122
Tepoztlán;Municipality;32,921;36,145;41,629;54,987
Tetecala;Municipality;6,917;6,473;7,441;7,617
Tetela del Volcán;Municipality;...;11,034;12,382;14,853
Tlalnepantla;Municipality;5,626;5,884;6,636;7,943
Tlaltizapán de Zapata;Municipality;45,272;44,773;48,881;52,399
Tlaquiltenango;Municipality;30,017;29,637;31,534;33,789
Tlayacapan;Municipality;13,851;14,467;16,543;19,408
Totolapan;Municipality;8,742;10,012;10,789;12,750
Xochitepec;Municipality;45,643;53,368;63,382;73,539
Xoxocotla (← Puente de Ixtla);Municipality;...;21,028;23,097;27,805
Yautepec;Municipality;84,405;84,513;97,827;105,780
Yecapixtla;Municipality;36,582;39,859;46,809;56,083
Zacatepec (Zacatepec de Hidalgo);Municipality;33,331;33,527;35,063;36,094
Zacualpan de Amilpas;Municipality;7,962;7,957;9,087;9,965
Nayarit;State;920,185;949,684;1,084,979;1,235,456
Acaponeta;Municipality;36,512;34,665;36,572;37,232
Ahuacatlán;Municipality;15,371;14,114;15,229;15,393
Amatlán de Cañas;Municipality;12,088;10,392;11,188;11,536
Bahía de Banderas;Municipality;59,808;83,739;124,205;187,632
Compostela;Municipality;65,943;62,925;70,399;77,436
Del Nayar (El Nayar);Municipality;26,649;30,551;34,300;47,550
Huajicori;Municipality;10,294;10,561;11,400;12,230
Ixtlán del Río;Municipality;25,382;25,713;27,273;29,299
Jala;Municipality;16,171;16,071;17,698;19,321
La Yesca;Municipality;12,940;12,025;13,600;13,719
Rosamorada;Municipality;34,683;32,217;34,393;33,567
Ruíz;Municipality;21,722;20,996;23,469;24,096
San Blas;Municipality;42,762;37,478;43,120;41,518
San Pedro Lagunillas;Municipality;7,753;7,155;7,510;7,683
Santa María del Oro;Municipality;20,849;21,688;22,412;24,911
Santiago Ixcuintla;Municipality;94,979;84,314;93,074;93,981
Tecuala;Municipality;42,237;37,234;39,756;37,135
Tepic;Municipality;305,176;336,403;380,249;425,924
Tuxpan;Municipality;31,202;28,550;30,030;30,064
Xalisco;Municipality;37,664;42,893;49,102;65,229
Nuevo León;State;3,834,141;4,199,292;4,653,458;5,784,442
Abasolo;Municipality;2,514;2,746;2,791;2,974
Agualeguas;Municipality;4,390;3,537;3,443;3,382
Allende;Municipality;27,773;29,568;32,593;35,289
Anáhuac;Municipality;18,524;17,983;18,480;18,030
Apodaca;Municipality;283,497;418,784;523,370;656,464
Aramberri;Municipality;14,840;14,692;15,470;14,992
Bustamante;Municipality;3,499;3,326;3,773;3,661
Cadereyta Jiménez;Municipality;75,059;73,746;86,445;122,337
Cerralvo;Municipality;9,343;8,009;7,855;7,340
China;Municipality;11,540;10,697;10,864;9,930
Ciénega de Flores;Municipality;11,204;14,268;24,526;68,747
Doctor Arroyo;Municipality;33,721;33,269;35,445;36,088
Doctor Coss;Municipality;2,246;1,639;1,716;1,360
Doctor González;Municipality;3,185;3,092;3,345;3,256
El Carmen;Municipality;6,644;6,996;16,092;104,478
Galeana;Municipality;39,519;38,930;39,991;40,903
García;Municipality;28,974;51,658;143,668;397,205
General Bravo;Municipality;5,799;5,385;5,527;5,506
General Escobedo;Municipality;233,457;299,364;357,937;481,213
General Terán;Municipality;15,475;14,022;14,437;14,109
General Treviño;Municipality;1,699;1,476;1,277;1,808
General Zaragoza;Municipality;5,576;5,733;5,942;6,282
General Zuazua;Municipality;6,033;6,985;55,213;102,149
Guadalupe;Municipality;670,162;691,931;678,006;643,143
Hidalgo;Municipality;14,275;15,480;16,604;16,086
Higueras;Municipality;1,371;1,427;1,594;1,386
Hualahuises;Municipality;6,413;6,631;6,914;7,026
Iturbide;Municipality;3,484;3,533;3,558;3,298
Juárez;Municipality;66,497;144,380;256,970;471,523
Lampazos de Naranjo;Municipality;5,305;4,428;5,349;5,351
Linares;Municipality;69,205;71,061;78,669;84,666
Los Aldamas;Municipality;2,464;1,675;1,374;1,407
Los Herreras;Municipality;2,795;1,877;2,030;1,959
Los Ramones;Municipality;6,237;6,227;5,359;5,389
Marín;Municipality;4,719;5,398;5,488;5,119
Melchor Ocampo;Municipality;1,215;1,052;862;1,483
Mier y Noriega;Municipality;7,078;7,047;7,095;7,652
Mina;Municipality;5,049;5,384;5,447;6,048
Montemorelos;Municipality;52,741;53,854;59,113;67,428
Monterrey;Municipality;1,110,997;1,133,814;1,135,550;1,142,994
Parás;Municipality;1,226;950;1,034;906
Pesquería;Municipality;11,321;12,258;20,843;147,624
Rayones;Municipality;2,613;2,576;2,628;2,377
Sabinas Hidalgo;Municipality;32,329;32,040;34,671;34,709
Salinas Victoria;Municipality;19,024;27,848;32,660;86,766
San Nicolás de los Garza;Municipality;496,878;476,761;443,273;412,199
San Pedro Garza García;Municipality;125,978;122,009;122,659;132,169
Santa Catarina;Municipality;227,026;259,896;268,955;306,322
Santiago;Municipality;36,812;37,886;40,469;46,784
Vallecillo;Municipality;2,169;1,859;1,971;1,552
Villaldama;Municipality;4,247;4,105;4,113;3,573
Oaxaca;State;3,438,765;3,506,821;3,801,962;4,132,148
Abejones;Municipality;1,540;1,144;1,084;841
Acatlán de Pérez Figueroa;Municipality;44,579;42,347;44,885;45,167
Ánimas Trujano;Municipality;2,887;3,189;3,759;4,564
Asunción Cacalotepec;Municipality;2,567;2,095;2,495;2,547
Asunción Cuyotepeji;Municipality;883;753;1,012;1,107
Asunción Ixtaltepec;Municipality;14,249;14,438;14,751;15,261
Asunción Nochixtlán;Municipality;13,822;14,676;17,820;20,464
Asunción Ocotlán;Municipality;3,655;3,257;2,612;2,395
Asunción Tlacolulita;Municipality;918;699;842;734
Ayoquezco de Aldama;Municipality;5,597;4,385;4,406;4,874
Ayotzintepec;Municipality;5,660;6,524;6,720;6,857
Calihualá;Municipality;1,317;1,057;1,220;1,402
Candelaria Loxicha;Municipality;9,566;8,686;9,860;11,166
Capulálpam de Méndez;Municipality;1,391;1,313;1,467;1,619
Chahuites;Municipality;9,799;9,929;11,105;11,356
Chalcatongo de Hidalgo;Municipality;7,828;7,483;8,481;9,035
Chiquihuitlán de Benito Juárez;Municipality;2,501;2,368;2,458;2,179
Ciénega de Zimatlán;Municipality;2,942;2,562;2,785;3,043
Ciudad Ixtepec;Municipality;22,675;24,181;26,450;28,082
Coatecas Altas;Municipality;5,803;4,882;4,712;5,356
Coicoyán de las Flores;Municipality;5,733;7,598;8,531;9,563
Concepción Buenavista;Municipality;946;828;834;752
Concepción Pápalo;Municipality;3,077;2,920;3,071;2,754
Constancia del Rosario;Municipality;3,295;3,796;3,860;4,847
Cosolapa;Municipality;14,467;14,305;14,667;14,488
Cosoltepec;Municipality;931;1,022;866;803
Cuilápam de Guerrero;Municipality;12,812;15,041;18,428;26,882
Cuyamecalco Villa de Zaragoza;Municipality;4,298;3,783;3,846;3,644
El Barrio de la Soledad;Municipality;13,186;13,439;13,608;13,474
El Espinal;Municipality;7,705;8,219;8,310;8,730
Eloxochitlán de Flores Magón;Municipality;4,149;4,042;4,263;4,215
Fresnillo de Trujano;Municipality;1,138;852;1,033;1,077
Guadalupe de Ramírez;Municipality;1,400;1,214;1,425;1,288
Guadalupe Etla;Municipality;2,004;2,349;2,433;2,929
Guelatao de Juárez;Municipality;754;476;544;657
Guevea de Humboldt;Municipality;5,610;5,283;5,285;5,256
Heroica Ciudad de Ejutla de Crespo;Municipality;17,573;17,232;19,679;23,148
Heroica Ciudad de Huajuapan de León;Municipality;53,219;57,808;69,839;78,313
Heroica Ciudad de Juchitán de Zaragoza (Juchitán de Zaragoza);Municipality;78,512;85,869;93,038;113,570
Heroica Ciudad de Tlaxiaco;Municipality;29,026;34,587;38,453;40,123
Heroica Villa Tezoatlán de Segura y Luna;Municipality;12,346;11,020;11,319;11,465
Huautepec;Municipality;6,567;5,672;5,995;6,385
Huautla de Jiménez;Municipality;31,040;31,829;30,004;31,710
Ixpantepec Nieves;Municipality;1,835;1,371;1,182;1,079
Ixtlán de Juárez;Municipality;7,287;7,188;7,674;8,385
La Compañía;Municipality;3,998;3,367;3,302;3,607
La Pe;Municipality;2,032;2,135;2,446;3,052
La Reforma;Municipality;3,548;3,096;3,331;3,411
La Trinidad Vista Hermosa;Municipality;316;235;249;306
Loma Bonita;Municipality;40,877;39,166;41,535;40,934
Magdalena Apasco;Municipality;3,942;6,148;7,522;7,888
Magdalena Jaltepec;Municipality;3,717;3,463;3,313;2,943
Magdalena Mixtepec;Municipality;946;1,101;1,304;1,433
Magdalena Ocotlán;Municipality;1,029;1,060;1,141;1,184
Magdalena Peñasco;Municipality;3,473;3,461;3,778;3,750
Magdalena Teitipac;Municipality;3,604;4,296;4,368;4,764
Magdalena Tequisistlán;Municipality;6,011;6,014;6,182;5,996
Magdalena Tlacotepec;Municipality;1,116;1,165;1,221;1,297
Magdalena Yodocono de Porfirio Díaz;Municipality;1,305;1,195;1,458;1,682
Magdalena Zahuatlán;Municipality;434;422;409;404
Mariscala de Juárez;Municipality;3,383;3,140;3,530;3,739
Mártires de Tacubaya;Municipality;1,275;1,189;1,451;1,446
Matías Romero Avendaño;Municipality;40,709;38,421;38,019;38,183
Mazatlán Villa de Flores;Municipality;13,947;12,934;13,435;12,722
Mesones Hidalgo;Municipality;4,185;3,961;4,402;4,424
Miahuatlán de Porfirio Díaz;Municipality;32,555;32,185;41,387;50,375
Mixistlán de la Reforma;Municipality;2,668;2,438;2,770;2,487
Monjas;Municipality;2,392;2,104;2,568;2,893
Natividad;Municipality;579;546;586;498
Nazareno Etla;Municipality;3,368;3,720;3,882;4,293
Nejapa de Madero;Municipality;7,607;7,285;7,390;8,494
Nuevo Zoquiápam;Municipality;1,757;1,486;1,652;1,590
Oaxaca de Juárez;Municipality;256,130;265,033;263,357;270,955
Ocotlán de Morelos;Municipality;18,183;19,581;21,341;23,751
Pinotepa de Don Luis;Municipality;6,226;6,703;6,629;6,416
Pluma Hidalgo;Municipality;3,828;3,314;3,060;3,255
Putla Villa de Guerrero;Municipality;26,406;29,678;31,897;34,652
Reforma de Pineda;Municipality;2,675;2,691;2,671;2,660
Reyes Etla;Municipality;2,423;3,252;3,568;4,370
Rojas de Cuauhtémoc;Municipality;1,061;964;1,092;1,301
Salina Cruz;Municipality;76,452;76,219;82,371;84,438
San Agustín Amatengo;Municipality;1,796;1,455;1,312;1,593
San Agustín Atenango;Municipality;2,318;1,787;1,914;1,871
San Agustín Chayuco;Municipality;4,594;4,514;3,952;4,163
San Agustín de las Juntas;Municipality;4,970;5,645;8,089;11,391
San Agustín Etla;Municipality;3,206;3,243;3,893;4,168
San Agustín Loxicha;Municipality;22,495;17,823;22,565;26,194
San Agustín Tlacotepec;Municipality;751;876;874;1,032
San Agustín Yatareni;Municipality;3,400;3,176;4,075;5,521
San Andrés Cabecera Nueva;Municipality;3,100;2,529;2,851;2,881
San Andrés Dinicuiti;Municipality;2,136;2,114;2,152;2,308
San Andrés Huaxpaltepec;Municipality;5,638;5,756;5,867;6,234
San Andrés Huayápam;Municipality;3,909;4,508;4,879;6,279
San Andrés Ixtlahuaca;Municipality;1,377;1,343;1,439;1,776
San Andrés Lagunas;Municipality;563;528;505;518
San Andrés Nuxiño;Municipality;2,067;1,983;1,898;1,850
San Andrés Paxtlán;Municipality;3,723;4,066;3,990;4,562
San Andrés Sinaxtla;Municipality;677;613;772;756
San Andrés Solaga;Municipality;1,678;1,699;1,740;1,771
San Andrés Teotilálpam;Municipality;4,295;4,255;4,427;4,233
San Andrés Tepetlapa;Municipality;548;485;475;381
San Andrés Yaá;Municipality;537;378;497;393
San Andrés Zabache;Municipality;916;756;726;748
San Andrés Zautla;Municipality;3,074;3,812;4,405;5,326
San Antonino Castillo Velasco;Municipality;4,809;4,829;5,651;6,064
San Antonino el Alto;Municipality;1,929;2,445;2,508;2,705
San Antonino Monte Verde;Municipality;6,200;6,482;6,650;7,678
San Antonio Acutla;Municipality;339;311;297;249
San Antonio de la Cal;Municipality;15,261;15,071;21,456;26,282
San Antonio Huitepec;Municipality;4,315;4,303;4,289;2,936
San Antonio Nanahuatípam;Municipality;1,313;1,256;1,233;1,232
San Antonio Sinicahua;Municipality;1,362;1,298;1,603;1,668
San Antonio Tepetlapa;Municipality;3,818;3,873;4,394;4,873
San Baltazar Chichicápam;Municipality;2,881;2,716;2,439;2,576
San Baltazar Loxicha;Municipality;2,873;2,751;2,832;3,169
San Baltazar Yatzachi el Bajo;Municipality;788;690;677;674
San Bartolo Coyotepec;Municipality;4,740;8,015;8,684;10,391
San Bartolomé Ayautla;Municipality;3,833;3,713;4,052;4,131
San Bartolomé Loxicha;Municipality;2,512;2,617;2,422;2,213
San Bartolomé Quialana;Municipality;2,731;2,485;2,470;2,389
San Bartolomé Yucuañe;Municipality;535;380;399;735
San Bartolomé Zoogocho;Municipality;638;381;368;449
San Bartolo Soyaltepec;Municipality;827;681;655;596
San Bartolo Yautepec;Municipality;752;661;677;653
San Bernardo Mixtepec;Municipality;2,727;2,394;2,705;2,829
San Blas Atempa;Municipality;15,886;16,899;17,094;19,696
San Carlos Yautepec;Municipality;10,882;9,857;11,813;11,662
San Cristóbal Amatlán;Municipality;4,236;3,978;5,024;5,396
San Cristóbal Amoltepec;Municipality;1,180;1,179;1,283;1,252
San Cristóbal Lachirioag;Municipality;1,252;1,130;1,230;1,342
San Cristóbal Suchixtlahuaca;Municipality;344;244;334;356
San Dionisio del Mar;Municipality;4,931;5,165;5,098;5,180
San Dionisio Ocotepec;Municipality;9,788;9,487;10,500;11,411
San Dionisio Ocotlán;Municipality;1,043;1,093;1,245;1,380
San Esteban Atatlahuca;Municipality;3,408;3,676;3,974;3,934
San Felipe Jalapa de Díaz;Municipality;23,238;25,395;26,838;28,500
San Felipe Tejalápam;Municipality;6,150;6,221;7,187;8,231
San Felipe Usila;Municipality;11,680;11,642;11,575;12,191
San Francisco Cahuacuá;Municipality;3,324;3,170;3,427;3,450
San Francisco Cajonos;Municipality;472;371;460;451
San Francisco Chapulapa;Municipality;1,914;1,968;2,136;2,195
San Francisco Chindúa;Municipality;783;673;827;812
San Francisco del Mar;Municipality;5,782;6,874;7,232;8,710
San Francisco Huehuetlán;Municipality;1,379;1,251;1,160;842
San Francisco Ixhuatán;Municipality;9,318;9,050;8,959;9,461
San Francisco Jaltepetongo;Municipality;1,184;881;1,110;1,075
San Francisco Lachigoló;Municipality;1,789;1,920;3,474;5,215
San Francisco Logueche;Municipality;1,868;2,240;2,666;2,803
San Francisco Nuxaño;Municipality;413;341;378;376
San Francisco Ozolotepec;Municipality;1,991;1,835;1,945;2,182
San Francisco Sola;Municipality;1,250;1,321;1,509;2,019
San Francisco Telixtlahuaca;Municipality;9,694;10,278;11,893;13,856
San Francisco Teopan;Municipality;452;390;394;312
San Francisco Tlapancingo;Municipality;2,064;1,235;2,152;2,472
San Gabriel Mixtepec;Municipality;3,959;3,930;4,733;4,910
San Ildefonso Amatlán;Municipality;1,938;2,009;2,393;2,329
San Ildefonso Sola;Municipality;849;789;940;1,060
San Ildefonso Villa Alta;Municipality;3,294;3,100;3,478;3,677
San Jacinto Amilpas;Municipality;8,343;10,100;13,860;16,827
San Jacinto Tlacotepec;Municipality;2,355;2,145;2,231;2,233
San Jerónimo Coatlán;Municipality;5,227;4,979;5,449;5,537
San Jerónimo Silacayoapilla;Municipality;1,895;1,742;1,449;1,429
San Jerónimo Sosola;Municipality;2,717;2,736;2,559;2,730
San Jerónimo Taviche;Municipality;1,529;1,750;1,848;2,046
San Jerónimo Tecóatl;Municipality;1,702;1,522;1,606;1,577
San Jerónimo Tlacochahuaya;Municipality;4,724;4,679;5,076;5,764
San Jorge Nuchita;Municipality;3,353;2,957;3,215;2,881
San José Ayuquila;Municipality;1,271;1,342;1,511;1,629
San José Chiltepec;Municipality;9,867;10,203;11,019;11,310
San José del Peñasco;Municipality;1,892;1,863;2,094;2,149
San José del Progreso;Municipality;5,661;6,164;6,579;8,059
San José Estancia Grande;Municipality;916;955;977;938
San José Independencia;Municipality;4,538;3,689;3,684;4,251
San José Lachiguiri;Municipality;3,151;3,541;3,849;3,700
San José Tenango;Municipality;19,969;18,120;18,478;18,102
San Juan Achiutla;Municipality;531;401;430;408
San Juan Atepec;Municipality;1,572;1,301;1,517;1,457
San Juan Bautista Atatlahuca;Municipality;1,775;1,384;1,724;1,424
San Juan Bautista Coixtlahuaca;Municipality;3,223;2,863;2,808;2,725
San Juan Bautista Cuicatlán;Municipality;9,298;9,181;9,441;10,365
San Juan Bautista Guelache;Municipality;3,499;4,912;6,287;6,692
San Juan Bautista Jayacatlán;Municipality;1,236;1,254;1,462;1,447
San Juan Bautista Lo de Soto;Municipality;2,286;2,140;2,325;2,344
San Juan Bautista Suchitepec;Municipality;442;412;417;453
San Juan Bautista Tlachichilco;Municipality;1,511;1,443;1,447;1,475
San Juan Bautista Tlacoatzintepec;Municipality;2,242;2,241;2,292;2,181
San Juan Bautista Tuxtepec;Municipality;133,913;144,555;155,766;159,452
San Juan Bautista Valle Nacional;Municipality;22,886;21,189;22,446;23,067
San Juan Cacahuatepec;Municipality;7,514;8,134;8,680;8,939
San Juan Chicomezúchil;Municipality;374;281;320;296
San Juan Chilateca;Municipality;1,338;1,323;1,442;1,522
San Juan Cieneguilla;Municipality;666;556;605;524
San Juan Coatzóspam;Municipality;2,479;2,019;2,535;1,808
San Juan Colorado;Municipality;8,656;8,669;9,494;9,609
San Juan Comaltepec;Municipality;2,338;2,389;2,517;3,116
San Juan Cotzocón;Municipality;21,679;22,478;22,356;22,444
San Juan del Estado;Municipality;2,285;2,200;2,546;2,807
San Juan de los Cués;Municipality;2,466;2,447;2,357;2,421
San Juan del Río;Municipality;1,350;1,227;1,231;1,372
San Juan Diuxi;Municipality;1,468;1,280;1,256;1,056
San Juan Evangelista Analco;Municipality;422;412;404;407
San Juan Guelavía;Municipality;2,914;2,940;3,047;3,288
San Juan Guichicovi;Municipality;27,399;27,646;28,142;29,802
San Juan Ihualtepec;Municipality;849;717;713;494
San Juan Juquila Mixes;Municipality;3,588;3,557;3,924;3,703
San Juan Juquila Vijanos;Municipality;1,830;1,908;1,832;1,880
San Juan Lachao;Municipality;4,332;3,936;4,531;4,577
San Juan Lachigalla;Municipality;3,198;3,363;3,285;3,538
San Juan Lajarcia;Municipality;675;674;715;634
San Juan Lalana;Municipality;16,775;16,335;17,398;16,989
San Juan Mazatlán;Municipality;17,090;16,138;17,100;19,032
San Juan Mixtepec - Dto. 08 (Mixteca);Municipality;9,543;7,423;7,611;6,941
San Juan Mixtepec - Dto. 26 (Miahuatlán);Municipality;932;903;711;607
San Juan Ñumí;Municipality;6,750;5,796;6,666;5,773
San Juan Ozolotepec;Municipality;3,125;2,779;3,168;3,411
San Juan Petlapa;Municipality;2,551;2,717;2,807;3,117
San Juan Quiahije;Municipality;3,889;4,154;3,628;4,203
San Juan Quiotepec;Municipality;2,486;2,429;2,313;2,033
San Juan Sayultepec;Municipality;665;655;764;879
San Juan Tabaá;Municipality;1,150;1,091;1,331;1,241
San Juan Tamazola;Municipality;3,454;3,170;3,446;3,325
San Juan Teita;Municipality;572;511;607;544
San Juan Teitipac;Municipality;2,817;2,552;2,565;2,668
San Juan Tepeuxila;Municipality;2,974;2,914;2,773;2,692
San Juan Teposcolula;Municipality;1,448;1,344;1,340;1,494
San Juan Yaeé;Municipality;1,605;1,495;1,530;1,426
San Juan Yatzona;Municipality;496;561;452;440
San Juan Yucuita;Municipality;720;656;684;643
San Lorenzo;Municipality;5,380;5,781;5,955;5,903
San Lorenzo Albarradas;Municipality;2,587;2,477;2,708;2,971
San Lorenzo Cacaotepec;Municipality;9,965;11,559;13,704;18,339
San Lorenzo Cuaunecuiltitla;Municipality;737;738;771;833
San Lorenzo Texmelúcan;Municipality;5,676;6,319;7,048;9,148
San Lorenzo Victoria;Municipality;1,202;948;1,007;932
San Lucas Camotlán;Municipality;3,144;2,524;3,026;3,187
San Lucas Ojitlán;Municipality;20,118;19,871;21,514;22,185
San Lucas Quiaviní;Municipality;1,941;1,769;1,745;1,720
San Lucas Zoquiápam;Municipality;7,227;7,384;7,554;7,163
San Luis Amatlán;Municipality;3,618;3,393;3,624;3,829
San Marcial Ozolotepec;Municipality;1,741;1,399;1,525;1,372
San Marcos Arteaga;Municipality;2,303;2,110;1,557;1,568
San Martín de los Cansecos;Municipality;757;761;816;994
San Martín Huamelúlpam;Municipality;1,078;1,012;1,077;1,000
San Martín Itunyoso;Municipality;2,614;2,554;2,460;2,749
San Martín Lachilá;Municipality;1,200;979;1,084;1,034
San Martín Peras;Municipality;8,877;12,406;11,361;12,436
San Martín Tilcajete;Municipality;1,776;1,631;1,742;1,975
San Martín Toxpalan;Municipality;3,254;3,595;3,669;3,934
San Martín Zacatepec;Municipality;1,370;1,199;1,277;1,324
San Mateo Cajonos;Municipality;642;574;620;611
San Mateo del Mar;Municipality;10,657;12,667;14,252;15,571
San Mateo Etlatongo;Municipality;1,108;1,085;1,181;1,239
San Mateo Nejápam;Municipality;1,150;1,127;1,180;1,217
San Mateo Peñasco;Municipality;1,838;1,732;2,116;2,384
San Mateo Piñas;Municipality;4,148;2,647;2,226;2,021
San Mateo Río Hondo;Municipality;3,495;2,806;3,308;3,207
San Mateo Sindihui;Municipality;1,945;1,871;2,086;1,977
San Mateo Tlapiltepec;Municipality;250;226;234;229
San Mateo Yoloxochitlán;Municipality;2,913;3,294;3,475;3,831
San Mateo Yucutindoo (Zapotitlán del Río);Municipality;3,184;3,252;3,034;3,144
San Melchor Betaza;Municipality;1,122;919;1,091;1,052
San Miguel Achiutla;Municipality;880;799;744;698
San Miguel Ahuehuetitlán;Municipality;2,261;2,226;2,465;2,142
San Miguel Aloápam;Municipality;2,621;2,637;2,488;2,191
San Miguel Amatitlán;Municipality;6,143;5,938;7,244;6,932
San Miguel Amatlán;Municipality;1,089;1,012;1,043;991
San Miguel Chicahua;Municipality;2,276;2,035;2,274;2,169
San Miguel Chimalapa;Municipality;5,947;6,541;6,608;6,711
San Miguel Coatlán;Municipality;3,134;2,808;3,483;3,184
San Miguel del Puerto;Municipality;8,584;7,510;8,481;8,551
San Miguel del Río;Municipality;307;275;294;245
San Miguel Ejutla;Municipality;884;778;916;1,149
San Miguel el Grande;Municipality;3,635;3,086;4,127;4,313
San Miguel Huautla;Municipality;1,703;1,237;1,399;1,311
San Miguel Mixtepec;Municipality;2,097;2,387;3,245;3,194
San Miguel Panixtlahuaca;Municipality;6,705;5,724;6,161;6,252
San Miguel Peras;Municipality;3,205;3,126;3,497;3,818
San Miguel Piedras;Municipality;1,193;1,375;1,296;1,328
San Miguel Quetzaltepec;Municipality;5,332;6,015;7,293;7,286
San Miguel Santa Flor;Municipality;874;795;801;691
San Miguel Soyaltepec;Municipality;36,036;34,842;36,564;38,682
San Miguel Suchixtepec;Municipality;2,617;2,694;2,911;2,932
San Miguel Tecomatlán;Municipality;268;219;308;305
San Miguel Tenango;Municipality;821;684;794;653
San Miguel Tequixtepec;Municipality;1,038;964;1,042;1,044
San Miguel Tilquiápam;Municipality;3,160;3,442;3,160;3,141
San Miguel Tlacamama;Municipality;3,115;3,074;3,386;3,668
San Miguel Tlacotepec;Municipality;3,525;3,307;3,220;3,100
San Miguel Tulancingo;Municipality;432;336;346;307
San Miguel Yotao;Municipality;601;632;611;585
San Nicolás;Municipality;1,131;1,037;1,143;1,214
San Nicolás Hidalgo;Municipality;991;936;1,012;1,043
San Pablo Coatlán;Municipality;4,069;3,876;4,167;4,308
San Pablo Cuatro Venados;Municipality;1,294;1,267;1,388;1,510
San Pablo Etla;Municipality;7,103;12,212;15,535;17,116
San Pablo Huitzo;Municipality;5,071;5,928;6,307;7,035
San Pablo Huixtepec;Municipality;8,470;8,216;9,025;10,020
San Pablo Macuiltianguis;Municipality;1,135;956;929;955
San Pablo Tijaltepec;Municipality;2,489;2,529;2,150;2,751
San Pablo Villa de Mitla;Municipality;10,477;11,219;11,825;13,587
San Pablo Yaganiza;Municipality;1,074;1,000;1,108;1,125
San Pedro Amuzgos;Municipality;5,334;5,473;6,468;6,632
San Pedro Apóstol;Municipality;1,471;1,511;1,544;1,594
San Pedro Atoyac;Municipality;3,765;3,464;4,136;4,559
San Pedro Cajonos;Municipality;1,204;989;1,172;1,081
San Pedro Comitancillo;Municipality;3,634;3,858;3,944;4,333
San Pedro Coxcaltepec Cántaros;Municipality;1,050;877;851;716
San Pedro el Alto;Municipality;4,735;3,949;3,903;4,654
San Pedro Huamelula;Municipality;9,862;8,834;9,594;9,735
San Pedro Huilotepec;Municipality;2,588;2,671;2,839;3,307
San Pedro Ixcatlán;Municipality;10,854;10,931;10,371;10,368
San Pedro Ixtlahuaca;Municipality;3,604;5,321;6,822;14,552
San Pedro Jaltepetongo;Municipality;677;271;458;483
San Pedro Jicayán;Municipality;9,770;10,252;11,555;11,279
San Pedro Jocotipac;Municipality;1,010;821;834;730
San Pedro Juchatengo;Municipality;1,548;1,618;1,693;1,755
San Pedro Mártir;Municipality;1,903;1,781;1,711;1,899
San Pedro Mártir Quiechapa;Municipality;821;722;753;738
San Pedro Mártir Yucuxaco;Municipality;1,555;1,360;1,405;1,257
San Pedro Mixtepec - Dto. 22 (Juquila);Municipality;32,471;33,682;42,860;49,780
San Pedro Mixtepec - Dto. 26 (Miahuatlán);Municipality;1,244;1,066;1,099;972
San Pedro Molinos;Municipality;653;737;723;706
San Pedro Nopala;Municipality;926;834;840;751
San Pedro Ocopetatillo;Municipality;877;897;884;786
San Pedro Ocotepec;Municipality;1,780;2,171;2,135;2,404
San Pedro Pochutla;Municipality;36,982;38,798;43,860;48,204
San Pedro Quiatoni;Municipality;9,570;9,824;10,491;11,930
San Pedro Sochiápam;Municipality;4,535;4,603;4,957;5,052
San Pedro Tapanatepec;Municipality;13,377;13,647;13,992;15,479
San Pedro Taviche;Municipality;1,052;1,076;1,173;1,441
San Pedro Teozacoalco;Municipality;1,428;1,298;1,320;1,153
San Pedro Teutila;Municipality;4,173;4,139;4,277;4,296
San Pedro Tidaá;Municipality;850;646;894;982
San Pedro Topiltepec;Municipality;420;372;406;373
San Pedro Totolápam;Municipality;2,684;2,644;2,603;3,294
San Pedro Yaneri;Municipality;991;943;1,002;867
San Pedro Yólox;Municipality;2,546;2,758;2,267;1,697
San Pedro y San Pablo Ayutla;Municipality;5,504;4,319;5,602;5,616
San Pedro y San Pablo Teposcolula;Municipality;3,486;3,664;3,989;4,353
San Pedro y San Pablo Tequixtepec;Municipality;2,061;1,731;1,878;1,747
San Pedro Yucunama;Municipality;246;244;232;241
San Raymundo Jalpan;Municipality;1,584;1,788;2,079;4,105
San Sebastián Abasolo;Municipality;2,029;1,514;1,849;1,999
San Sebastián Coatlán;Municipality;2,366;2,509;2,613;2,809
San Sebastián Ixcapa;Municipality;3,722;3,364;3,968;4,188
San Sebastián Nicananduta;Municipality;1,633;1,412;1,449;1,542
San Sebastián Río Hondo;Municipality;3,288;3,069;3,664;4,202
San Sebastián Tecomaxtlahuaca;Municipality;8,671;6,916;8,246;8,192
San Sebastián Teitipac;Municipality;2,062;1,962;1,976;2,189
San Sebastián Tutla;Municipality;15,690;15,922;16,241;16,878
San Simón Almolongas;Municipality;2,470;1,847;2,623;2,802
San Simón Zahuatlán;Municipality;2,225;2,481;3,833;4,940
Santa Ana;Municipality;1,867;1,697;1,978;2,406
Santa Ana Ateixtlahuaca;Municipality;524;572;510;477
Santa Ana Cuauhtémoc;Municipality;864;783;738;681
Santa Ana del Valle;Municipality;2,140;1,996;1,993;2,179
Santa Ana Tavela;Municipality;993;1,012;908;848
Santa Ana Tlapacoyan;Municipality;1,990;1,687;1,854;1,958
Santa Ana Yareni;Municipality;1,149;940;809;637
Santa Ana Zegache;Municipality;3,415;3,196;3,592;3,981
Santa Catalina Quierí;Municipality;977;992;922;825
Santa Catarina Cuixtla;Municipality;1,545;1,291;1,496;1,495
Santa Catarina Ixtepeji;Municipality;2,532;2,480;2,633;2,675
Santa Catarina Juquila;Municipality;14,036;14,380;14,710;18,654
Santa Catarina Lachatao;Municipality;1,542;1,097;1,307;1,059
Santa Catarina Loxicha;Municipality;4,440;4,163;3,986;3,676
Santa Catarina Mechoacán;Municipality;4,230;4,409;4,543;4,582
Santa Catarina Minas;Municipality;1,604;1,698;1,816;2,067
Santa Catarina Quiané;Municipality;1,758;1,571;1,847;2,193
Santa Catarina Quioquitani;Municipality;424;439;505;456
Santa Catarina Tayata;Municipality;725;596;679;662
Santa Catarina Ticuá;Municipality;858;919;954;986
Santa Catarina Yosonotú;Municipality;1,848;1,864;1,886;1,316
Santa Catarina Zapoquila;Municipality;573;407;448;403
Santa Cruz Acatepec;Municipality;1,263;1,301;1,470;1,645
Santa Cruz Amilpas;Municipality;6,457;8,804;10,120;13,200
Santa Cruz de Bravo;Municipality;410;379;364;365
Santa Cruz Itundujia;Municipality;10,688;10,386;10,975;10,860
Santa Cruz Mixtepec;Municipality;3,311;2,984;3,615;3,720
Santa Cruz Nundaco;Municipality;2,672;2,692;2,958;2,951
Santa Cruz Papalutla;Municipality;1,833;1,910;1,972;2,242
Santa Cruz Tacache de Mina;Municipality;2,625;2,483;2,606;2,940
Santa Cruz Tacahua;Municipality;1,158;1,141;1,170;1,182
Santa Cruz Tayata;Municipality;567;541;608;595
Santa Cruz Xitla;Municipality;4,061;3,933;4,514;4,794
Santa Cruz Xoxocotlán;Municipality;52,806;65,873;77,833;100,402
Santa Cruz Zenzontepec;Municipality;15,054;16,773;17,897;19,079
Santa Gertrudis;Municipality;3,549;2,661;2,858;2,891
Santa Inés del Monte;Municipality;2,212;2,275;2,535;2,809
Santa Inés de Zaragoza;Municipality;1,963;1,649;1,707;1,454
Santa Inés Yatzeche;Municipality;1,177;975;921;908
Santa Lucía del Camino;Municipality;44,364;45,725;47,356;50,362
Santa Lucía Miahuatlán;Municipality;2,808;3,023;3,356;3,375
Santa Lucía Monteverde;Municipality;6,663;6,397;6,678;6,726
Santa Lucía Ocotlán;Municipality;3,455;3,580;3,604;4,173
Santa Magdalena Jicotlán;Municipality;109;102;93;81
Santa María Alotepec;Municipality;2,660;2,526;2,778;2,796
Santa María Apazco;Municipality;2,531;1,629;1,898;1,629
Santa María Atzompa;Municipality;15,749;19,876;27,465;41,921
Santa María Camotlán;Municipality;1,562;1,333;1,632;1,713
Santa María Chachoápam;Municipality;808;750;766;761
Santa María Chilchotla;Municipality;21,436;20,577;20,584;21,469
Santa María Chimalapa;Municipality;7,106;8,643;8,506;9,578
Santa María Colotepec;Municipality;18,120;19,223;22,562;27,046
Santa María Cortijo;Municipality;1,016;983;1,083;1,067
Santa María Coyotepec;Municipality;1,658;2,070;2,772;3,751
Santa María del Rosario;Municipality;414;441;480;499
Santa María del Tule;Municipality;7,272;8,259;8,165;8,939
Santa María Ecatepec;Municipality;3,369;3,635;3,461;3,418
Santa María Guelacé;Municipality;759;710;816;908
Santa María Guienagati;Municipality;3,021;2,911;3,286;3,178
Santa María Huatulco;Municipality;28,327;33,194;38,629;50,862
Santa María Huazolotitlán;Municipality;10,118;10,239;10,794;11,995
Santa María Ipalapa;Municipality;4,910;4,253;4,888;4,878
Santa María Ixcatlán;Municipality;594;573;516;461
Santa María Jacatepec;Municipality;9,783;8,936;9,240;9,682
Santa María Jalapa del Marqués;Municipality;10,506;11,123;11,888;11,735
Santa María Jaltianguis;Municipality;598;569;575;592
Santa María la Asunción;Municipality;3,329;3,223;3,252;3,259
Santa María Lachixío;Municipality;1,070;1,454;1,680;1,679
Santa María Mixtequilla;Municipality;4,041;4,239;4,442;4,690
Santa María Nativitas;Municipality;770;607;681;603
Santa María Nduayaco;Municipality;606;568;550;453
Santa María Ozolotepec;Municipality;4,156;4,023;3,992;3,793
Santa María Pápalo;Municipality;2,081;2,087;2,209;2,058
Santa María Peñoles;Municipality;6,914;7,640;7,865;8,967
Santa María Petapa;Municipality;13,648;13,867;15,387;16,706
Santa María Quiegolani;Municipality;1,506;1,537;1,770;2,224
Santa María Sola;Municipality;1,675;1,490;1,524;1,516
Santa María Tataltepec;Municipality;272;303;253;317
Santa María Tecomavaca;Municipality;1,831;1,683;1,774;1,830
Santa María Temaxcalapa;Municipality;958;924;968;903
Santa María Temaxcaltepec;Municipality;2,219;2,628;2,595;2,694
Santa María Teopoxco;Municipality;4,843;4,436;4,651;3,985
Santa María Tepantlali;Municipality;2,761;2,315;3,505;3,576
Santa María Texcatitlán;Municipality;1,204;911;1,113;896
Santa María Tlahuitoltepec;Municipality;8,406;9,000;9,663;9,653
Santa María Tlalixtac;Municipality;1,562;1,568;1,754;1,839
Santa María Tonameca;Municipality;20,228;21,223;24,318;25,347
Santa María Totolapilla;Municipality;1,016;878;896;812
Santa María Xadani;Municipality;5,719;7,283;7,781;9,234
Santa María Yalina;Municipality;378;292;354;250
Santa María Yavesía;Municipality;460;409;448;434
Santa María Yolotepec;Municipality;469;431;461;481
Santa María Yosoyúa;Municipality;1,223;1,284;1,642;1,699
Santa María Yucuhiti;Municipality;6,565;6,496;6,551;6,008
Santa María Zacatepec;Municipality;15,417;13,734;15,076;17,100
Santa María Zaniza;Municipality;1,633;1,818;2,009;2,469
Santa María Zoquitlán;Municipality;3,449;3,163;3,359;3,294
Santiago Amoltepec;Municipality;9,537;11,113;12,313;13,855
Santiago Apoala;Municipality;1,365;815;1,053;1,019
Santiago Apóstol;Municipality;4,636;3,825;4,220;4,421
Santiago Astata;Municipality;2,577;3,642;3,915;3,918
Santiago Atitlán;Municipality;2,754;3,187;3,180;3,556
Santiago Ayuquililla;Municipality;2,404;2,261;2,748;2,904
Santiago Cacaloxtepec;Municipality;1,341;1,496;1,686;1,667
Santiago Camotlán;Municipality;3,058;3,089;3,395;3,346
Santiago Chazumba;Municipality;4,314;4,209;4,479;4,877
Santiago Choápam;Municipality;4,837;4,979;5,413;5,242
Santiago Comaltepec;Municipality;1,544;1,386;1,115;1,157
Santiago del Río;Municipality;725;543;614;527
Santiago Huajolotitlán;Municipality;3,988;4,014;4,350;4,600
Santiago Huauclilla;Municipality;933;607;663;525
Santiago Ihuitlán Plumas;Municipality;601;419;480;341
Santiago Ixcuintepec;Municipality;1,200;1,441;1,568;1,636
Santiago Ixtayutla;Municipality;10,675;11,542;11,917;13,880
Santiago Jamiltepec;Municipality;17,922;17,206;18,383;19,112
Santiago Jocotepec;Municipality;12,682;12,423;13,568;14,198
Santiago Juxtlahuaca;Municipality;28,118;33,401;32,927;34,735
Santiago Lachiguiri;Municipality;6,336;4,361;4,693;4,394
Santiago Lalopa;Municipality;520;414;496;431
Santiago Laollaga;Municipality;2,788;2,716;3,198;3,361
Santiago Laxopa;Municipality;1,432;1,282;1,394;1,291
Santiago Llano Grande;Municipality;3,291;3,021;3,260;3,440
Santiago Matatlán;Municipality;8,759;9,198;9,653;10,175
Santiago Miltepec;Municipality;397;265;409;421
Santiago Minas;Municipality;1,674;1,504;1,430;1,327
Santiago Nacaltepec;Municipality;2,422;1,967;1,913;1,599
Santiago Nejapilla;Municipality;266;195;219;174
Santiago Niltepec;Municipality;5,308;4,961;5,353;5,342
Santiago Nundiche;Municipality;1,028;869;967;1,351
Santiago Nuyoó;Municipality;2,876;2,173;1,966;1,898
Santiago Pinotepa Nacional;Municipality;44,193;44,441;50,309;55,840
Santiago Suchilquitongo;Municipality;7,937;8,518;9,542;10,886
Santiago Tamazola;Municipality;4,469;3,950;4,207;4,458
Santiago Tapextla;Municipality;3,234;2,810;3,031;3,134
Santiago Tenango;Municipality;1,721;1,782;1,945;1,966
Santiago Tepetlapa;Municipality;140;116;131;130
Santiago Tetepec;Municipality;4,997;4,708;4,953;4,909
Santiago Texcalcingo;Municipality;2,712;2,781;3,076;2,974
Santiago Textitlán;Municipality;3,315;3,929;4,170;4,930
Santiago Tilantongo;Municipality;3,888;3,348;3,210;2,764
Santiago Tillo;Municipality;506;472;553;545
Santiago Tlazoyaltepec;Municipality;4,330;4,357;4,894;6,300
Santiago Xanica;Municipality;3,267;2,829;2,884;3,029
Santiago Xiacuí;Municipality;1,762;1,681;2,171;1,893
Santiago Yaitepec;Municipality;3,130;3,665;4,122;4,233
Santiago Yaveo;Municipality;6,599;5,503;6,665;7,593
Santiago Yolomécatl;Municipality;1,725;1,912;2,021;1,922
Santiago Yosondúa;Municipality;7,544;7,197;7,883;7,991
Santiago Yucuyachi;Municipality;1,173;742;940;998
Santiago Zacatepec;Municipality;4,963;4,871;5,515;5,089
Santiago Zoochila;Municipality;465;440;374;425
Santo Domingo Albarradas;Municipality;755;747;782;798
Santo Domingo Armenta;Municipality;3,347;3,022;3,224;3,155
Santo Domingo Chihuitán;Municipality;1,488;1,383;1,521;1,618
Santo Domingo de Morelos;Municipality;8,725;8,751;10,547;11,384
Santo Domingo Ingenio;Municipality;7,295;7,299;7,554;7,681
Santo Domingo Ixcatlán;Municipality;878;1,582;877;760
Santo Domingo Nuxaá;Municipality;3,430;3,253;3,610;3,335
Santo Domingo Ozolotepec;Municipality;1,125;962;913;1,101
Santo Domingo Petapa;Municipality;7,379;7,583;8,394;9,027
Santo Domingo Roayaga;Municipality;950;863;997;941
Santo Domingo Tehuantepec;Municipality;53,229;57,163;61,872;67,739
Santo Domingo Teojomulco;Municipality;4,334;3,992;4,571;5,260
Santo Domingo Tepuxtepec;Municipality;4,004;3,714;5,194;6,029
Santo Domingo Tlatayápam;Municipality;160;146;153;113
Santo Domingo Tomaltepec;Municipality;2,834;2,303;2,790;3,386
Santo Domingo Tonalá;Municipality;7,308;6,535;7,153;7,393
Santo Domingo Tonaltepec;Municipality;327;291;276;250
Santo Domingo Xagacía;Municipality;1,041;928;1,213;1,205
Santo Domingo Yanhuitlán;Municipality;1,565;1,472;1,609;1,633
Santo Domingo Yodohino;Municipality;510;441;369;327
Santo Domingo Zanatepec;Municipality;10,457;10,716;11,218;12,483
Santos Reyes Nopala;Municipality;14,058;14,504;15,986;16,688
Santos Reyes Pápalo;Municipality;2,569;2,647;2,829;2,490
Santos Reyes Tepejillo;Municipality;1,464;1,125;1,213;904
Santos Reyes Yucuná;Municipality;1,456;1,322;1,332;1,474
Santo Tomás Jalieza;Municipality;3,095;2,885;3,385;3,923
Santo Tomás Mazaltepec;Municipality;1,939;1,878;2,333;2,612
Santo Tomás Ocotepec;Municipality;4,139;3,789;4,076;4,066
Santo Tomás Tamazulapan;Municipality;1,683;1,853;2,191;2,726
San Vicente Coatlán;Municipality;4,173;3,378;3,964;3,512
San Vicente Lachixío;Municipality;3,390;3,154;2,976;3,227
San Vicente Nuñú;Municipality;519;469;493;449
Silacayoápam;Municipality;7,786;6,486;6,747;6,710
Sitio de Xitlapehua;Municipality;635;705;705;713
Soledad Etla;Municipality;3,902;4,187;5,025;6,348
Tamazulápam del Espíritu Santo;Municipality;6,704;6,908;7,362;7,185
Tanetze de Zaragoza;Municipality;1,855;1,581;1,707;1,558
Taniche;Municipality;874;739;746;887
Tataltepec de Valdés;Municipality;5,306;5,377;5,561;6,386
Teococuilco de Marcos Pérez;Municipality;1,747;1,237;1,106;1,032
Teotitlán de Flores Magón;Municipality;7,476;8,675;8,966;10,099
Teotitlán del Valle;Municipality;5,562;5,601;5,638;6,392
Teotongo;Municipality;952;937;951;1,005
Tepelmeme Villa de Morelos;Municipality;1,573;1,455;1,734;1,960
Tlacolula de Matamoros;Municipality;13,507;16,510;19,625;30,254
Tlacotepec Plumas;Municipality;514;468;510;410
Tlalixtac de Cabrera;Municipality;6,777;8,378;9,417;12,067
Totontepec Villa de Morelos;Municipality;5,626;4,780;5,598;5,904
Trinidad Zaachila;Municipality;2,813;2,809;2,653;3,419
Unión Hidalgo;Municipality;12,149;12,983;13,970;14,542
Valerio Trujano;Municipality;1,507;1,502;1,543;1,376
Villa de Chilapa de Díaz;Municipality;1,711;1,687;1,932;1,815
Villa de Etla;Municipality;7,819;7,637;9,280;10,361
Villa de Tamazulápam del Progreso;Municipality;6,088;6,638;7,059;8,326
Villa de Tututepec de Melchor Ocampo;Municipality;42,645;40,767;43,913;50,541
Villa de Zaachila;Municipality;19,247;28,003;34,101;46,464
Villa Díaz Ordaz;Municipality;5,594;5,859;6,174;6,467
Villa Hidalgo;Municipality;2,132;1,955;2,112;1,885
Villa Sola de Vega;Municipality;12,879;11,884;12,525;12,350
Villa Talea de Castro;Municipality;2,673;2,237;2,394;2,011
Villa Tejúpam de la Unión;Municipality;2,306;2,177;2,469;2,419
Yaxe;Municipality;2,256;2,442;2,683;2,954
Yogana;Municipality;1,413;1,160;1,308;1,245
Yutanduchi de Guerrero;Municipality;1,259;1,175;1,292;1,195
Zapotitlán Lagunas;Municipality;3,433;3,098;3,133;3,382
Zapotitlán Palmas;Municipality;1,563;1,373;1,514;1,695
Zimatlán de Álvarez;Municipality;16,801;18,370;19,215;22,093
Puebla;State;5,076,686;5,383,133;5,779,829;6,583,278
Acajete;Municipality;49,462;53,115;60,353;72,894
Acateno;Municipality;9,199;8,419;8,916;9,170
Acatlán;Municipality;34,765;32,521;33,865;37,955
Acatzingo;Municipality;40,439;46,178;52,078;63,743
Acteopan;Municipality;3,074;2,914;2,881;3,070
Ahuacatlán;Municipality;13,058;13,745;14,754;14,542
Ahuatlán;Municipality;3,795;3,402;3,403;3,162
Ahuazotepec;Municipality;9,087;9,573;10,457;11,439
Ahuehuetitla;Municipality;2,614;1,978;2,008;2,207
Ajalpan;Municipality;48,642;54,740;60,621;74,768
Albino Zertuche;Municipality;2,004;1,759;1,770;1,885
Aljojuca;Municipality;6,632;6,055;6,288;6,591
Altepexi;Municipality;15,811;17,238;18,920;22,629
Amixtlán;Municipality;4,704;5,000;5,004;4,812
Amozoc;Municipality;64,315;78,452;100,964;125,876
Aquixtla;Municipality;7,664;7,386;7,848;9,021
Atempan;Municipality;18,565;22,150;25,386;29,742
Atexcal;Municipality;3,732;3,624;3,734;3,859
Atlequizayan;Municipality;2,761;3,039;2,833;2,633
Atlixco;Municipality;117,111;122,149;127,062;141,793
Atoyatempan;Municipality;5,782;6,194;6,426;7,704
Atzala;Municipality;1,310;1,232;1,228;1,512
Atzitzihuacán;Municipality;11,933;11,016;11,684;12,857
Atzitzintla;Municipality;8,104;8,040;8,408;9,051
Axutla;Municipality;1,302;935;947;976
Ayotoxco de Guerrero;Municipality;7,704;7,883;8,153;8,208
Calpan;Municipality;13,571;13,319;13,730;15,271
Caltepec;Municipality;5,104;4,523;4,177;4,128
Camocuautla;Municipality;2,160;2,207;2,476;2,758
Cañada Morelos;Municipality;17,779;17,870;18,954;20,659
Caxhuacan;Municipality;3,931;3,814;3,791;3,811
Chalchicomula de Sesma;Municipality;38,711;40,871;43,882;47,410
Chapulco;Municipality;5,542;6,196;6,992;8,193
Chiautla;Municipality;21,133;18,480;19,037;21,699
Chiautzingo;Municipality;17,788;17,167;18,762;22,039
Chichiquila;Municipality;20,252;23,072;24,148;26,928
Chiconcuautla;Municipality;12,855;13,562;15,767;17,382
Chietla;Municipality;36,606;32,825;33,935;37,030
Chigmecatitlán;Municipality;1,301;1,149;1,227;1,215
Chignahuapan;Municipality;49,266;51,536;57,909;66,464
Chignautla;Municipality;21,571;26,087;30,254;35,223
Chila;Municipality;5,043;4,562;4,699;5,082
Chila de la Sal;Municipality;1,961;1,246;1,237;1,317
Chilchotla;Municipality;17,833;18,303;19,257;21,002
Chinantla;Municipality;2,810;2,264;2,468;2,846
Coatepec;Municipality;884;729;758;772
Coatzingo;Municipality;3,564;3,105;2,964;2,820
Cohetzala;Municipality;1,880;1,356;1,283;1,382
Cohuecan;Municipality;4,596;4,492;4,763;5,403
Coronango;Municipality;27,575;30,255;34,596;46,836
Coxcatlán;Municipality;18,692;19,764;19,639;20,653
Coyomeapan;Municipality;12,662;12,614;14,205;14,806
Coyotepec;Municipality;2,524;2,242;2,339;2,334
Cuapiaxtla de Madero;Municipality;6,583;7,183;8,709;10,542
Cuautempan;Municipality;8,984;8,497;9,212;9,837
Cuautinchán;Municipality;7,086;7,720;9,538;12,340
Cuautlancingo;Municipality;46,729;55,456;79,153;137,435
Cuayuca de Andrade;Municipality;3,985;3,221;3,062;3,315
Cuetzalan del Progreso;Municipality;45,010;45,781;47,433;49,864
Cuyoaco;Municipality;14,434;14,367;15,367;17,139
Domingo Arenas;Municipality;5,581;5,597;6,946;7,982
Eloxochitlán;Municipality;10,806;11,347;12,575;14,461
Epatlán;Municipality;4,845;4,268;4,594;4,943
Esperanza;Municipality;13,473;13,398;13,785;14,766
Francisco Z. Mena;Municipality;16,331;16,013;16,270;17,824
General Felipe Ángeles;Municipality;15,105;17,447;19,040;22,694
Guadalupe;Municipality;7,748;6,355;6,276;6,451
Guadalupe Victoria;Municipality;14,833;15,041;16,551;18,784
Hermenegildo Galeana;Municipality;8,194;7,560;7,718;7,011
Honey;Municipality;7,279;6,687;7,463;6,687
Huaquechula;Municipality;28,654;25,425;25,373;29,233
Huatlatlauca;Municipality;8,026;6,540;6,643;6,111
Huauchinango;Municipality;83,537;90,846;97,753;103,946
Huehuetla;Municipality;16,130;15,616;15,689;17,082
Huehuetlán el Chico;Municipality;9,651;8,332;8,679;9,760
Huehuetlán el Grande;Municipality;6,734;6,291;7,060;6,105
Huejotzingo;Municipality;50,868;59,822;63,457;90,794
Hueyapan;Municipality;10,206;11,105;11,868;13,080
Hueytamalco;Municipality;28,345;26,115;26,689;27,600
Hueytlalpan;Municipality;5,465;4,661;5,734;5,951
Huitzilan de Serdán;Municipality;11,670;12,088;13,982;15,928
Huitziltepec;Municipality;4,591;4,862;5,306;5,782
Ixcamilpa de Guerrero;Municipality;4,614;3,602;3,695;4,065
Ixcaquixtla;Municipality;6,922;7,458;8,093;8,804
Ixtacamaxtitlán;Municipality;28,358;25,160;25,326;25,319
Ixtepec;Municipality;6,589;6,745;6,811;6,950
Izúcar de Matamoros;Municipality;70,739;69,413;72,799;82,809
Jalpan;Municipality;13,257;12,070;12,547;12,050
Jolalpan;Municipality;12,556;11,771;12,662;13,308
Jonotla;Municipality;4,942;4,678;4,598;4,457
Jopala;Municipality;13,489;12,749;12,997;12,131
Juan C. Bonilla;Municipality;14,483;14,814;18,540;23,783
Juan Galindo;Municipality;9,301;9,616;10,213;9,828
Juan N. Méndez;Municipality;5,239;4,977;5,223;5,293
Lafragua;Municipality;9,207;7,772;7,767;7,650
La Magdalena Tlatlauquitepec;Municipality;722;426;484;650
Libres;Municipality;25,719;28,333;31,532;37,257
Los Reyes de Juárez;Municipality;20,849;24,151;25,553;30,021
Mazapiltepec de Juárez;Municipality;2,396;2,422;2,633;3,176
Mixtla;Municipality;2,044;2,164;2,216;2,668
Molcaxac;Municipality;6,229;5,719;6,218;6,668
Naupan;Municipality;9,613;9,748;9,707;9,310
Nauzontla;Municipality;3,617;3,443;3,598;3,317
Nealtican;Municipality;10,644;10,513;12,011;14,075
Nicolás Bravo;Municipality;5,375;5,489;6,009;6,644
Nopalucan;Municipality;19,033;24,405;27,292;32,772
Ocotepec;Municipality;4,945;4,519;4,825;5,077
Ocoyucan;Municipality;23,619;21,185;25,720;42,669
Olintla;Municipality;12,609;12,104;11,641;11,993
Oriental;Municipality;13,769;14,365;16,575;19,903
Pahuatlán;Municipality;18,326;18,209;20,618;20,274
Palmar de Bravo;Municipality;35,812;39,077;42,887;50,226
Pantepec;Municipality;19,401;18,251;18,435;18,528
Petlalcingo;Municipality;9,680;9,132;9,382;9,350
Piaxtla;Municipality;5,948;4,097;4,585;4,627
Puebla;Municipality;1,346,916;1,485,941;1,539,819;1,692,181
Quecholac;Municipality;38,649;42,479;47,281;57,992
Quimixtlán;Municipality;19,235;19,609;21,275;22,855
Rafael Lara Grajales;Municipality;14,766;12,945;14,052;15,952
San Andrés Cholula;Municipality;56,066;80,118;100,439;154,448
San Antonio Cañada;Municipality;4,495;4,518;5,110;5,938
San Diego la Mesa Tochimiltzingo;Municipality;1,116;1,281;1,132;1,270
San Felipe Teotlalcingo;Municipality;8,632;8,497;9,426;11,063
San Felipe Tepatlán;Municipality;4,425;4,309;4,120;3,793
San Gabriel Chilac;Municipality;13,554;13,386;14,454;15,954
San Gregorio Atzompa;Municipality;6,934;6,981;8,170;9,671
San Jerónimo Tecuanipan;Municipality;5,267;5,226;5,826;6,597
San Jerónimo Xayacatlán;Municipality;4,317;3,843;3,777;3,606
San José Chiapa;Municipality;6,744;7,414;8,087;10,443
San José Miahuatlán;Municipality;11,697;11,883;12,699;14,018
San Juan Atenco;Municipality;3,708;3,315;3,416;3,604
San Juan Atzompa;Municipality;815;765;872;975
San Martín Texmelucan;Municipality;121,071;130,316;141,112;155,738
San Martín Totoltepec;Municipality;951;770;651;692
San Matías Tlalancaleca;Municipality;16,361;17,069;19,310;20,974
San Miguel Ixitlán;Municipality;727;574;586;526
San Miguel Xoxtla;Municipality;9,350;10,664;11,598;12,461
San Nicolás Buenos Aires;Municipality;8,334;8,353;9,185;10,464
San Nicolás de los Ranchos;Municipality;10,009;9,749;10,777;11,780
San Pablo Anicano;Municipality;3,441;3,332;3,554;3,759
San Pedro Cholula;Municipality;99,794;113,436;120,459;138,433
San Pedro Yeloixtlahuaca;Municipality;3,711;3,224;3,395;3,488
San Salvador el Seco;Municipality;23,342;25,466;27,622;30,639
San Salvador el Verde;Municipality;22,649;23,937;28,419;34,880
San Salvador Huixcolotla;Municipality;10,631;12,164;13,541;16,790
San Sebastián Tlacotepec;Municipality;13,219;12,688;13,534;13,189
Santa Catarina Tlaltempan;Municipality;887;795;874;749
Santa Inés Ahuatempan;Municipality;6,112;5,646;5,944;6,341
Santa Isabel Cholula;Municipality;8,815;9,192;8,040;11,498
Santiago Miahuatlán;Municipality;14,249;18,486;21,993;30,309
Santo Tomás Hueyotlipan;Municipality;7,082;7,511;8,016;9,315
Soltepec;Municipality;11,068;11,115;11,706;12,631
Tecali de Herrera;Municipality;16,844;18,181;20,267;23,625
Tecamachalco;Municipality;59,177;64,380;71,571;80,771
Tecomatlán;Municipality;6,830;5,068;5,420;6,830
Tehuacán;Municipality;226,258;260,923;274,906;327,312
Tehuitzingo;Municipality;12,650;10,320;11,328;12,672
Tenampulco;Municipality;7,060;6,721;6,772;6,743
Teopantlán;Municipality;4,840;4,220;4,024;3,836
Teotlalco;Municipality;3,549;2,971;3,121;3,689
Tepanco de López;Municipality;16,717;17,093;19,002;22,218
Tepango de Rodríguez;Municipality;4,003;4,118;4,244;4,155
Tepatlaxco de Hidalgo;Municipality;14,055;14,866;16,275;18,854
Tepeaca;Municipality;62,651;67,157;74,708;84,270
Tepemaxalco;Municipality;1,272;1,215;1,141;1,216
Tepeojuma;Municipality;8,671;7,465;8,056;8,918
Tepetzintla;Municipality;9,457;9,442;10,240;10,373
Tepexco;Municipality;6,392;6,263;6,580;7,523
Tepexi de Rodríguez;Municipality;18,145;19,156;20,478;22,331
Tepeyahualco;Municipality;15,268;15,814;16,390;19,200
Tepeyahualco de Cuauhtémoc;Municipality;2,864;2,976;3,365;3,851
Tetela de Ocampo;Municipality;25,859;24,459;25,793;27,216
Teteles de Avila Castillo;Municipality;5,556;5,548;5,689;6,653
Teziutlán;Municipality;81,156;88,970;92,246;103,583
Tianguismanalco;Municipality;9,640;9,689;9,807;14,432
Tilapa;Municipality;8,331;8,194;8,401;9,664
Tlachichuca;Municipality;25,674;26,787;28,568;31,639
Tlacotepec de Benito Juárez;Municipality;42,295;44,579;48,268;54,757
Tlacuilotepec;Municipality;17,764;16,797;17,115;15,977
Tlahuapan;Municipality;31,665;33,831;36,518;41,547
Tlaltenango;Municipality;5,370;5,676;6,269;7,425
Tlanepantla;Municipality;4,198;4,623;4,833;5,390
Tlaola;Municipality;18,233;19,010;19,826;20,433
Tlapacoya;Municipality;6,502;6,034;6,406;6,422
Tlapanalá;Municipality;8,686;7,994;8,404;10,344
Tlatlauquitepec;Municipality;47,106;47,151;51,495;55,576
Tlaxco;Municipality;6,271;5,324;5,415;4,934
Tochimilco;Municipality;17,171;14,954;17,028;19,315
Tochtepec;Municipality;17,259;18,205;19,701;22,454
Totoltepec de Guerrero;Municipality;1,161;1,089;1,155;1,187
Tulcingo;Municipality;11,025;8,520;9,245;9,871
Tuzamapan de Galeana;Municipality;6,176;5,857;5,983;5,924
Tzicatlacoyan;Municipality;6,185;5,758;6,242;6,476
Venustiano Carranza;Municipality;25,115;26,465;27,890;28,395
Vicente Guerrero;Municipality;21,164;20,391;24,217;26,559
Xayacatlán de Bravo;Municipality;1,701;1,333;1,649;1,570
Xicotepec;Municipality;70,164;71,454;75,601;80,591
Xicotlán;Municipality;1,433;1,234;1,241;1,312
Xiutetelco;Municipality;30,426;34,575;37,910;42,943
Xochiapulco;Municipality;4,306;3,873;3,911;3,443
Xochiltepec;Municipality;3,279;3,041;3,187;3,375
Xochitlán de Vicente Suárez;Municipality;11,760;11,744;12,249;13,025
Xochitlán Todos Santos;Municipality;5,101;5,387;6,049;7,178
Yaonáhuac;Municipality;6,649;7,152;7,514;7,926
Yehualtepec;Municipality;19,368;20,875;22,976;26,392
Zacapala;Municipality;4,407;3,915;4,224;4,647
Zacapoaxtla;Municipality;49,242;50,447;53,295;57,887
Zacatlán;Municipality;69,698;69,833;76,296;87,361
Zapotitlán;Municipality;8,900;7,774;8,220;8,595
Zapotitlán de Méndez;Municipality;5,267;5,178;5,608;5,675
Zaragoza;Municipality;13,810;14,452;15,444;16,752
Zautla;Municipality;19,447;18,567;19,438;20,717
Zihuateutla;Municipality;13,535;12,227;12,530;11,967
Zinacatepec;Municipality;13,641;14,574;15,690;18,359
Zongozotla;Municipality;4,392;4,369;4,599;4,539
Zoquiapan;Municipality;2,949;2,625;2,639;2,452
Zoquitlán;Municipality;19,715;18,688;20,529;20,335
Querétaro de Arteaga;State;1,404,306;1,598,139;1,827,937;2,368,467
Amealco de Bonfil;Municipality;54,591;56,457;62,197;66,841
Arroyo Seco;Municipality;12,667;12,493;12,910;13,142
Cadereyta de Montes;Municipality;51,790;57,204;64,183;69,075
Colón;Municipality;46,878;51,625;58,171;67,121
Corregidora (El Pueblito);Municipality;74,558;104,218;143,073;212,567
El Marqués;Municipality;71,397;79,743;116,458;231,668
Ezequiel Montes;Municipality;27,598;34,729;38,123;45,141
Huimilpan;Municipality;29,140;32,728;35,554;36,808
Jalpan de Serra;Municipality;22,839;22,025;25,550;27,343
Landa de Matamoros;Municipality;19,493;18,905;19,929;18,794
Pedro Escobedo;Municipality;49,554;56,553;63,966;77,404
Peñamiller;Municipality;16,557;17,007;18,441;19,141
Pinal de Amoles;Municipality;27,290;25,325;27,093;27,365
Querétaro;Municipality;641,386;734,139;801,940;1,049,777
San Joaquín;Municipality;7,665;7,634;8,865;8,359
San Juan del Río;Municipality;179,668;208,462;241,699;297,804
Tequisquiapan;Municipality;49,969;54,929;63,413;72,201
Tolimán;Municipality;21,266;23,963;26,372;27,916
Quintana Roo;State;874,963;1,135,309;1,325,578;1,857,985
Bacalar (← Othón P. Blanco);Municipality;32,184;31,369;36,743;41,754
Benito Juárez (Cancún);Municipality;...;559,307;644,924;911,503
Cozumel;Municipality;60,091;73,193;79,535;88,626
Felipe Carrillo Puerto;Municipality;60,365;65,373;75,026;83,990
Isla Mujeres;Municipality;11,313;13,315;16,203;22,686
José María Morelos;Municipality;31,052;32,746;36,179;39,165
Lázaro Cárdenas;Municipality;20,411;22,357;25,333;29,171
Othón P. Blanco (Chetumal);Municipality;175,980;188,394;207,810;233,648
Puerto Morelos (← Benito Juárez);Municipality;...;13,666;16,252;26,921
Solidaridad (Playa del Carmen);Municipality;...;112,500;159,310;333,800
Tulum (← Solidaridad);Municipality;...;23,000;28,263;46,721
San Luis Potosí;State;2,299,360;2,410,414;2,585,518;2,822,255
Ahualulco;Municipality;19,192;17,428;18,644;18,974
Alaquines;Municipality;8,781;7,831;8,186;7,785
Aquismón;Municipality;42,782;45,074;47,423;48,359
Armadillo de los Infante;Municipality;4,889;4,506;4,436;4,013
Axtla de Terrazas;Municipality;31,405;32,721;33,245;32,544
Cárdenas;Municipality;18,824;17,804;18,937;18,317
Catorce;Municipality;9,889;9,159;9,716;9,579
Cedral;Municipality;16,153;16,948;18,485;19,840
Cerritos;Municipality;20,703;20,425;21,394;22,075
Cerro de San Pedro;Municipality;3,404;3,278;4,021;5,050
Charcas;Municipality;21,070;20,173;21,138;21,814
Ciudad del Maíz;Municipality;30,603;29,855;31,323;30,320
Ciudad Fernández;Municipality;39,944;41,052;43,528;48,106
Ciudad Valles;Municipality;146,604;156,859;167,713;179,371
Coxcatlán;Municipality;17,352;17,038;17,015;15,660
Ébano;Municipality;39,687;38,247;41,529;40,899
El Naranjo;Municipality;18,898;18,454;20,495;20,959
Guadalcázar;Municipality;25,359;24,893;25,985;25,119
Huehuetlán;Municipality;14,289;14,768;15,311;15,334
Lagunillas;Municipality;6,538;5,647;5,774;5,453
Matehuala;Municipality;78,187;82,726;91,522;102,199
Matlapa;Municipality;28,319;29,548;30,299;28,996
Mexquitic de Carmona;Municipality;48,392;48,484;53,442;58,469
Moctezuma;Municipality;19,904;18,344;19,327;19,036
Rayón;Municipality;15,790;14,616;15,707;15,301
Rioverde;Municipality;88,991;85,945;91,924;97,943
Salinas;Municipality;26,405;26,985;30,190;31,107
San Antonio;Municipality;9,363;9,274;9,390;9,382
San Ciro de Acosta;Municipality;10,493;9,885;10,171;10,215
San Luis Potosí;Municipality;670,532;730,950;772,604;911,908
San Martín Chalchicuautla;Municipality;22,373;21,576;21,347;18,468
San Nicolás Tolentino;Municipality;6,793;5,547;5,466;4,779
Santa Catarina;Municipality;10,830;10,910;11,835;12,163
Santa María del Río;Municipality;39,066;37,290;40,326;39,880
Santo Domingo;Municipality;12,755;11,333;12,043;10,785
San Vicente Tancuayalab;Municipality;14,107;13,358;14,958;14,945
Soledad de Graciano Sánchez;Municipality;180,296;226,803;267,839;332,072
Tamasopo;Municipality;27,390;26,908;28,848;29,184
Tamazunchale;Municipality;89,074;93,811;96,820;95,037
Tampacán;Municipality;16,008;15,767;15,838;14,348
Tampamolón Corona;Municipality;13,722;13,760;14,274;13,603
Tamuín;Municipality;35,087;35,446;37,956;36,968
Tancanhuitz;Municipality;19,904;20,495;21,039;20,300
Tanlajás;Municipality;18,137;19,062;19,312;18,208
Tanquián de Escobedo;Municipality;13,354;13,389;14,382;13,448
Tierra Nueva;Municipality;9,582;8,998;9,024;7,966
Vanegas;Municipality;7,533;7,098;7,902;7,557
Venado;Municipality;14,205;13,948;14,492;14,188
Villa de Arista;Municipality;13,747;14,085;15,528;17,258
Villa de Arriaga;Municipality;14,623;14,952;16,316;18,206
Villa de Guadalupe;Municipality;10,378;9,238;9,779;9,277
Villa de la Paz;Municipality;5,135;4,967;5,350;5,298
Villa de Ramos;Municipality;34,432;34,516;37,928;38,389
Villa de Reyes;Municipality;40,602;42,010;46,898;52,912
Villa Hidalgo;Municipality;14,989;13,966;14,876;15,458
Villa Juárez;Municipality;10,956;9,775;10,174;10,304
Xilitla;Municipality;49,578;50,064;51,498;49,741
Zaragoza;Municipality;21,962;22,425;24,596;27,386
Sinaloa;State;2,536,844;2,608,442;2,767,761;3,026,943
Ahome (Los Mochis);Municipality;359,146;388,344;416,299;459,310
Angostura;Municipality;43,827;42,445;44,993;44,093
Badiraguato;Municipality;37,757;32,295;29,999;26,542
Choix;Municipality;29,355;31,763;32,998;29,334
Concordia;Municipality;27,815;27,001;28,493;24,899
Cosalá;Municipality;17,269;17,813;16,697;17,012
Culiacán;Municipality;745,537;788,719;858,638;1,003,530
El Fuerte;Municipality;89,515;92,585;97,536;96,593
Elota;Municipality;49,471;46,462;42,907;55,339
Escuinapa;Municipality;50,438;49,655;54,131;59,988
Guasave;Municipality;277,402;270,260;285,912;289,370
Mazatlán;Municipality;380,509;408,899;438,434;501,441
Mocorito;Municipality;50,082;44,217;45,847;40,358
Navolato;Municipality;145,622;135,681;135,603;149,122
Rosario;Municipality;47,934;47,394;49,380;52,345
Salvador Alvarado (Guamúchil);Municipality;73,303;76,537;79,085;79,492
San Ignacio;Municipality;26,762;23,355;22,527;19,505
Sinaloa;Municipality;85,100;85,017;88,282;78,670
Sonora;State;2,216,969;2,394,861;2,662,480;2,944,840
Aconchi;Municipality;2,420;2,452;2,637;2,563
Agua Prieta;Municipality;61,944;70,303;79,138;91,929
Álamos;Municipality;25,152;24,493;25,848;24,976
Altar;Municipality;7,253;8,357;9,049;9,492
Arivechi;Municipality;1,484;1,280;1,253;1,177
Arizpe;Municipality;3,396;2,959;3,037;2,788
Atil;Municipality;718;734;625;626
Bacadéhuachi;Municipality;1,348;1,264;1,252;979
Bacanora;Municipality;943;767;784;759
Bacerac;Municipality;1,366;1,346;1,467;1,221
Bacoachi;Municipality;1,496;1,456;1,646;1,475
Bácum;Municipality;21,322;20,892;22,821;23,151
Banámichi;Municipality;1,484;1,464;1,646;1,825
Baviácora;Municipality;3,724;3,404;3,560;3,191
Bavispe;Municipality;1,377;1,263;1,454;1,169
Benito Juárez;Municipality;21,813;20,447;22,009;21,692
Benjamín Hill;Municipality;5,732;5,285;5,275;4,988
Caborca;Municipality;69,516;70,113;81,309;89,122
Cajeme (Ciudad Obregón);Municipality;356,290;375,800;409,310;436,484
Cananea;Municipality;32,061;32,157;32,936;39,451
Carbó;Municipality;4,984;4,644;5,347;4,946
Cucurpe;Municipality;937;798;958;863
Cumpas;Municipality;6,202;5,776;6,362;5,829
Divisaderos;Municipality;825;681;813;753
Empalme;Municipality;49,987;50,663;54,131;51,431
Etchojoa;Municipality;56,129;55,697;60,717;61,309
Fronteras;Municipality;7,801;7,470;8,639;9,041
General Plutarco Elías Calles;Municipality;11,278;12,416;15,652;13,627
Granados;Municipality;1,235;938;1,150;1,009
Guaymas;Municipality;130,329;134,153;149,299;156,863
Hermosillo;Municipality;609,829;701,838;784,342;936,263
Huachinera;Municipality;1,147;1,223;1,350;1,186
Huásabas;Municipality;966;865;962;888
Huatabampo;Municipality;76,296;74,533;79,313;77,682
Huépac;Municipality;1,142;1,032;1,154;943
Ímuris;Municipality;9,988;10,517;12,316;12,536
La Colorada;Municipality;2,306;1,754;1,663;1,848
Magdalena;Municipality;24,447;25,524;29,707;33,049
Mazatán;Municipality;1,584;1,363;1,350;1,101
Moctezuma;Municipality;4,187;4,322;4,680;5,173
Naco;Municipality;5,370;6,010;6,401;5,774
Nácori Chico;Municipality;2,236;1,743;2,051;1,531
Nacozari de García;Municipality;14,365;11,961;12,751;14,369
Navojoa;Municipality;140,650;144,598;157,729;164,387
Nogales;Municipality;159,787;193,517;220,292;264,782
Onavas;Municipality;479;392;399;365
Opodepe;Municipality;2,831;2,634;2,878;2,438
Oquitoa;Municipality;402;409;443;496
Pitiquito;Municipality;9,236;9,117;9,468;9,122
Puerto Peñasco;Municipality;31,157;44,875;57,342;62,689
Quiriego;Municipality;3,335;3,049;3,356;3,090
Rayón;Municipality;1,591;1,543;1,599;1,496
Rosario;Municipality;5,432;5,165;5,226;4,830
Sahuaripa;Municipality;6,400;5,792;6,020;5,257
San Felipe de Jesús;Municipality;416;312;396;369
San Ignacio Río Muerto;Municipality;13,692;13,244;14,136;14,279
San Javier;Municipality;279;242;492;537
San Luis Río Colorado;Municipality;145,006;157,076;178,380;199,021
San Miguel de Horcasitas;Municipality;5,626;6,036;8,382;10,729
San Pedro de la Cueva;Municipality;1,703;1,429;1,604;1,458
Santa Ana;Municipality;13,526;14,638;16,014;16,203
Santa Cruz;Municipality;1,628;1,786;1,998;1,835
Sáric;Municipality;2,257;2,486;2,703;2,058
Soyopa;Municipality;1,649;1,209;1,284;1,368
Suaqui Grande;Municipality;1,175;1,102;1,121;1,114
Tepache;Municipality;1,539;1,184;1,365;1,178
Trincheras;Municipality;1,756;1,670;1,731;1,381
Tubutama;Municipality;1,798;1,751;1,735;1,473
Ures;Municipality;9,565;8,420;9,185;8,548
Villa Hidalgo;Municipality;1,986;1,565;1,738;1,429
Villa Pesqueira;Municipality;1,590;1,374;1,254;1,043
Yécora;Municipality;6,069;6,089;6,046;4,793
Tabasco;State;1,891,829;1,989,969;2,238,603;2,402,598
Balancán;Municipality;54,265;53,038;56,739;58,524
Cárdenas;Municipality;217,261;219,563;248,481;243,229
Centla;Municipality;88,218;92,755;102,110;107,731
Centro (Villahermosa);Municipality;520,308;558,524;640,359;683,607
Comalcalco;Municipality;164,637;173,773;192,802;214,877
Cunduacán;Municipality;104,360;112,036;126,416;137,257
Emiliano Zapata;Municipality;26,951;26,576;29,518;32,181
Huimanguillo;Municipality;158,573;163,462;179,285;190,885
Jalapa;Municipality;32,840;33,596;36,391;37,749
Jalpa de Méndez;Municipality;68,746;72,969;83,356;91,185
Jonuta;Municipality;27,807;28,403;29,511;30,798
Macuspana;Municipality;133,985;142,954;153,132;158,601
Nacajuca;Municipality;80,272;86,105;115,066;150,300
Paraíso;Municipality;70,764;78,519;86,620;96,741
Tacotalpa;Municipality;41,296;42,833;46,302;47,905
Teapa;Municipality;45,834;49,262;53,555;58,718
Tenosique;Municipality;55,712;55,601;58,960;62,310
Tamaulipas;State;2,753,222;3,024,238;3,268,554;3,527,735
Abasolo;Municipality;13,306;11,862;12,070;9,822
Aldama;Municipality;27,997;27,676;29,470;28,725
Altamira;Municipality;127,664;162,628;212,001;269,790
Antiguo Morelos;Municipality;8,915;8,561;9,003;8,850
Burgos;Municipality;5,183;4,782;4,589;4,256
Bustamante;Municipality;7,520;7,275;7,636;7,542
Camargo;Municipality;16,787;17,587;14,933;16,546
Casas;Municipality;4,537;4,123;4,423;4,143
Ciudad Madero;Municipality;182,325;193,045;197,216;205,933
Cruillas;Municipality;2,333;2,268;2,011;1,671
El Mante;Municipality;112,602;112,061;115,792;106,144
Gómez Farías;Municipality;8,570;8,464;8,786;8,288
González;Municipality;41,455;40,946;43,435;41,470
Güémez;Municipality;14,499;14,424;15,659;15,032
Guerrero;Municipality;4,366;3,861;4,477;3,803
Gustavo Díaz Ordaz;Municipality;16,246;15,028;15,775;15,677
Hidalgo;Municipality;24,281;23,357;23,793;17,012
Jaumave;Municipality;13,184;14,021;15,105;15,994
Jiménez;Municipality;8,510;8,230;8,338;6,375
Llera;Municipality;17,620;17,317;17,333;14,645
Mainero;Municipality;2,830;2,465;2,579;2,048
Matamoros;Municipality;418,141;462,157;489,193;541,979
Méndez;Municipality;5,337;4,785;4,530;4,280
Mier;Municipality;6,788;6,539;4,762;6,385
Miguel Alemán;Municipality;25,704;24,020;27,015;26,237
Miquihuana;Municipality;3,176;3,390;3,514;3,704
Nuevo Laredo;Municipality;310,915;355,827;384,033;425,058
Nuevo Morelos;Municipality;3,067;3,051;3,381;3,810
Ocampo;Municipality;13,303;12,477;12,962;13,190
Padilla;Municipality;13,677;12,609;14,020;13,618
Palmillas;Municipality;1,821;1,603;1,795;1,917
Reynosa;Municipality;420,463;526,888;608,891;704,767
Río Bravo;Municipality;104,229;106,842;118,259;132,484
San Carlos;Municipality;9,577;9,261;9,331;7,411
San Fernando;Municipality;57,412;57,756;57,220;51,405
San Nicolás;Municipality;1,055;1,044;1,031;926
Soto la Marina;Municipality;24,231;22,826;24,764;23,673
Tampico;Municipality;295,442;303,924;297,554;297,562
Tula;Municipality;27,049;25,687;27,572;28,230
Valle Hermoso;Municipality;58,573;62,193;63,170;60,055
Victoria;Municipality;263,063;293,044;321,953;349,688
Villagrán;Municipality;7,005;6,457;6,316;5,361
Xicoténcatl;Municipality;22,464;21,877;22,864;22,229
Tlaxcala;State;962,646;1,068,207;1,169,936;1,342,977
Acuamanala de Miguel Hidalgo;Municipality;4,357;5,081;5,711;6,432
Amaxac de Guerrero;Municipality;7,679;7,878;9,875;11,403
Apetatitlán de Antonio Carvajal;Municipality;11,795;12,268;13,361;16,003
Apizaco;Municipality;67,675;73,097;76,492;80,725
Atlangatepec;Municipality;5,449;5,487;6,018;7,087
Atltzayanca;Municipality;13,122;14,333;15,935;18,111
Benito Juárez;Municipality;4,729;5,157;5,687;6,211
Calpulalpan;Municipality;37,169;40,790;44,807;51,172
Chiautempan;Municipality;57,512;63,300;66,149;73,215
Contla de Juan Cuamatzi;Municipality;28,842;32,341;35,084;38,579
Cuapiaxtla;Municipality;10,964;12,601;13,671;16,222
Cuaxomulco;Municipality;4,255;4,340;5,066;5,928
El Carmen Tequexquitla;Municipality;12,412;13,926;15,368;17,332
Emiliano Zapata;Municipality;3,391;3,791;4,146;4,951
Españita;Municipality;7,215;8,019;8,399;9,416
Huamantla;Municipality;66,561;77,076;84,979;98,764
Hueyotlipan;Municipality;12,664;12,705;13,879;15,190
Ixtacuixtla de Mariano Matamoros;Municipality;30,301;32,574;35,162;38,970
Ixtenco;Municipality;5,840;6,279;6,791;7,504
La Magdalena Tlaltelulco;Municipality;13,697;15,046;16,834;19,036
Lázaro Cárdenas;Municipality;2,347;2,548;2,769;3,534
Mazatecochco de José María Morelos;Municipality;8,357;8,573;9,740;11,592
Muñoz de Domingo Arenas;Municipality;4,080;4,010;4,285;4,755
Nanacamilpa de Mariano Arista;Municipality;14,605;15,672;16,640;18,686
Natívitas;Municipality;21,020;21,863;23,621;26,309
Panotla;Municipality;23,391;22,368;25,128;28,357
Papalotla de Xicohténcatl;Municipality;22,288;24,616;26,997;33,499
Sanctórum de Lázaro Cárdenas;Municipality;6,937;7,553;8,474;9,432
San Damián Texóloc;Municipality;4,360;4,480;5,064;5,884
San Francisco Tetlanohcan;Municipality;9,081;10,029;9,880;11,761
San Jerónimo Zacualpan;Municipality;3,234;3,066;3,581;4,092
San José Teacalco;Municipality;4,587;5,118;5,660;6,436
San Juan Huactzinco;Municipality;5,547;6,577;6,821;7,688
San Lorenzo Axocomanitla;Municipality;4,368;4,817;5,045;5,689
San Lucas Tecopilco;Municipality;2,939;2,623;2,833;3,077
San Pablo del Monte;Municipality;54,387;64,107;69,615;82,688
Santa Ana Nopalucan;Municipality;5,851;6,074;6,857;7,952
Santa Apolonia Teacalco;Municipality;3,676;3,860;4,349;4,636
Santa Catarina Ayometla;Municipality;6,997;7,306;7,992;9,463
Santa Cruz Quilehtla;Municipality;4,883;5,379;6,296;7,750
Santa Cruz Tlaxcala;Municipality;12,824;15,193;17,968;24,116
Santa Isabel Xiloxoxtla;Municipality;3,184;4,118;4,436;5,443
Tenancingo;Municipality;10,142;10,632;11,763;12,974
Teolocholco;Municipality;17,067;19,435;21,671;25,257
Tepetitla de Lardizábal;Municipality;14,313;16,368;18,725;22,274
Tepeyanco;Municipality;9,006;9,176;11,048;13,328
Terrenate;Municipality;11,226;12,629;13,775;15,475
Tetla de la Solidaridad;Municipality;21,753;24,737;28,760;35,284
Tetlatlahuca;Municipality;10,803;11,474;12,410;13,561
Tlaxcala;Municipality;73,230;83,748;89,795;99,896
Tlaxco;Municipality;33,893;36,506;39,939;45,438
Tocatlán;Municipality;4,735;5,033;5,589;6,294
Totolac;Municipality;16,682;19,606;20,625;22,529
Tzompantepec;Municipality;9,294;12,571;14,611;18,006
Xaloztoc;Municipality;16,857;19,642;21,769;25,607
Xaltocan;Municipality;7,418;8,474;9,777;10,601
Xicohtzinco;Municipality;10,226;10,732;12,255;14,197
Yauhquemehcan;Municipality;21,555;27,860;33,081;42,242
Zacatelco;Municipality;31,915;35,316;38,654;45,717
Ziltlaltépec de Trinidad Sánchez Santos;Municipality;7,959;8,229;8,224;9,207
Veracruz de Ignacio de la Llave;State;6,908,975;7,110,214;7,643,194;8,062,579
Acajete;Municipality;7,514;7,558;8,223;9,701
Acatlán;Municipality;2,658;2,893;3,085;3,441
Acayucan;Municipality;78,243;79,459;83,817;80,815
Actopan;Municipality;39,354;37,867;40,994;41,742
Acula;Municipality;5,011;4,732;5,129;5,253
Acultzingo;Municipality;17,785;18,689;20,973;23,100
Agua Dulce;Municipality;44,100;44,322;46,010;44,104
Álamo Temapache;Municipality;102,946;100,790;104,499;107,270
Alpatláhuac;Municipality;8,573;8,988;9,691;10,338
Alto Lucero de Gutiérrez Barrios;Municipality;27,188;25,893;28,017;28,184
Altotonga;Municipality;53,241;56,962;60,396;64,234
Alvarado;Municipality;49,499;48,178;51,955;57,035
Amatitlán;Municipality;7,228;7,155;7,487;7,866
Amatlán de los Reyes;Municipality;36,823;38,287;42,268;46,955
Angel R. Cabada;Municipality;32,119;32,960;33,528;33,839
Apazapan;Municipality;3,611;3,534;4,027;4,709
Aquila;Municipality;1,776;1,616;1,797;1,978
Astacinga;Municipality;5,381;4,846;5,995;6,909
Atlahuilco;Municipality;8,054;9,038;9,824;11,577
Atoyac;Municipality;22,619;21,530;22,986;23,461
Atzacan;Municipality;16,998;17,960;20,063;22,651
Atzalan;Municipality;48,179;43,570;48,397;49,180
Ayahualulco;Municipality;20,230;23,431;25,456;27,217
Banderilla;Municipality;16,433;19,170;21,546;25,993
Benito Juárez;Municipality;16,237;16,446;16,692;16,120
Boca del Río;Municipality;135,804;141,906;138,058;144,550
Calcahualco;Municipality;11,072;12,466;12,929;13,701
Camarón de Tejeda;Municipality;5,613;5,660;6,224;6,538
Camerino Z. Mendoza;Municipality;39,308;39,002;41,778;41,835
Carlos A. Carrillo;Municipality;22,858;21,962;22,907;23,376
Carrillo Puerto;Municipality;14,628;14,444;16,313;18,888
Castillo de Teayo;Municipality;19,551;18,424;18,663;20,145
Catemaco;Municipality;45,383;46,702;48,593;49,451
Cazones de Herrera;Municipality;23,839;23,059;23,483;24,421
Cerro Azul;Municipality;24,729;24,739;25,801;25,011
Chacaltianguis;Municipality;11,731;11,416;11,683;11,461
Chalma;Municipality;12,902;13,067;12,626;13,527
Chiconamel;Municipality;6,646;6,811;6,752;6,610
Chiconquiaco;Municipality;12,981;12,516;13,190;13,881
Chicontepec;Municipality;58,735;55,373;54,982;53,858
Chinameca;Municipality;14,105;13,960;15,214;22,638
Chinampa de Gorostiza;Municipality;14,035;14,143;15,286;16,283
Chocamán;Municipality;15,130;16,549;18,601;20,839
Chontla;Municipality;15,072;14,549;14,688;13,359
Chumatlán;Municipality;3,438;3,371;3,889;4,008
Citlaltépetl;Municipality;11,268;11,013;11,081;11,165
Coacoatzintla;Municipality;7,301;8,294;9,416;11,018
Coahuitlán;Municipality;6,876;7,243;7,810;8,176
Coatepec;Municipality;73,536;79,787;86,696;93,911
Coatzacoalcos;Municipality;267,212;280,363;305,260;310,698
Coatzintla;Municipality;39,189;43,106;48,351;55,016
Coetzala;Municipality;1,834;1,958;2,144;2,355
Colipa;Municipality;6,196;5,813;5,728;5,743
Comapa;Municipality;17,094;16,870;18,713;19,876
Córdoba;Municipality;177,288;186,623;196,541;204,721
Cosamaloapan de Carpio;Municipality;54,185;54,518;57,366;54,737
Cosautlán de Carvajal;Municipality;15,303;14,724;15,668;16,167
Coscomatepec;Municipality;42,003;47,013;52,510;59,471
Cosoleacaque;Municipality;97,437;104,970;117,725;130,903
Cotaxtla;Municipality;18,920;18,821;19,710;22,050
Coxquihui;Municipality;14,423;14,942;15,492;16,333
Coyutla;Municipality;21,105;20,843;21,822;23,096
Cuichapa;Municipality;10,849;10,930;11,645;11,869
Cuitláhuac;Municipality;23,260;23,209;26,265;28,075
El Higo;Municipality;18,446;18,392;19,128;19,402
Emiliano Zapata;Municipality;44,580;49,476;61,718;85,489
Espinal;Municipality;23,876;24,823;25,548;26,830
Filomeno Mata;Municipality;10,824;14,426;16,418;19,179
Fortín;Municipality;46,053;53,311;59,761;66,372
Gutiérrez Zamora;Municipality;26,413;24,322;24,353;24,085
Hidalgotitlán;Municipality;18,205;17,395;18,277;18,275
Huatusco;Municipality;46,477;49,081;54,561;59,920
Huayacocotla;Municipality;18,093;19,313;20,765;21,796
Hueyapan de Ocampo;Municipality;39,795;38,175;41,649;41,670
Huiloapan de Cuauhtémoc;Municipality;5,733;6,232;6,750;7,293
Ignacio de la Llave;Municipality;17,753;17,370;17,121;16,525
Ilamatlán;Municipality;12,956;13,319;13,575;13,377
Isla;Municipality;38,847;38,422;42,205;42,807
Ixcatepec;Municipality;12,863;12,664;12,713;12,379
Ixhuacán de los Reyes;Municipality;9,517;9,933;10,724;11,387
Ixhuatlancillo;Municipality;11,914;15,644;21,150;27,295
Ixhuatlán del Café;Municipality;19,945;19,404;21,407;23,132
Ixhuatlán del Sureste;Municipality;13,294;14,015;14,903;15,831
Ixhuatlán de Madero;Municipality;49,216;48,609;49,820;50,836
Ixmatlahuacan;Municipality;6,047;5,669;5,727;5,574
Ixtaczoquitlán;Municipality;56,896;60,605;65,385;74,004
Jalacingo;Municipality;33,399;37,791;40,747;46,794
Jalcomulco;Municipality;4,416;4,690;4,940;5,054
Jáltipan;Municipality;37,764;37,200;39,673;38,669
Jamapa;Municipality;9,969;9,772;10,376;11,132
Jesús Carranza;Municipality;25,424;24,069;27,080;28,524
Jilotepec;Municipality;13,025;13,653;15,313;16,585
José Azueta;Municipality;24,506;22,920;23,999;22,709
Juan Rodríguez Clara;Municipality;33,495;34,389;37,193;38,367
Juchique de Ferrer;Municipality;18,971;16,360;16,387;15,059
La Antigua;Municipality;23,389;25,409;25,500;28,682
Landero y Coss;Municipality;1,432;1,549;1,546;1,543
La Perla;Municipality;17,980;18,930;23,648;28,258
Las Choapas;Municipality;73,077;70,092;77,426;81,080
Las Minas;Municipality;2,582;2,824;2,897;2,934
Las Vigas de Ramírez;Municipality;14,161;15,036;17,958;20,300
Lerdo de Tejada;Municipality;20,161;18,640;20,141;19,123
Los Reyes;Municipality;4,195;4,835;5,484;6,308
Magdalena;Municipality;2,327;2,649;2,920;3,299
Maltrata;Municipality;14,709;14,813;16,898;18,327
Manlio Fabio Altamirano;Municipality;20,580;20,374;22,585;23,918
Mariano Escobedo;Municipality;28,622;30,509;33,941;38,670
Martínez de la Torre;Municipality;...;97,768;101,358;108,842
Mecatlán;Municipality;10,345;11,256;11,808;12,799
Mecayapan;Municipality;15,210;13,633;17,333;17,134
Medellín de Bravo;Municipality;35,171;38,840;59,126;95,202
Miahuatlán;Municipality;3,807;4,083;4,429;4,841
Minatitlán;Municipality;153,001;151,983;157,840;144,776
Misantla;Municipality;60,771;59,980;62,919;65,761
Mixtla de Altamirano;Municipality;8,368;9,572;10,387;12,125
Moloacán;Municipality;16,755;15,883;16,120;16,493
Nanchital de Lázaro Cárdenas del Río;Municipality;27,218;26,804;27,094;29,209
Naolinco;Municipality;18,097;18,885;20,255;22,835
Naranjal;Municipality;4,038;4,324;4,507;4,614
Naranjos Amatlán;Municipality;26,377;26,119;27,548;26,843
Nautla;Municipality;9,798;10,023;9,974;10,130
Nogales;Municipality;30,945;31,818;34,688;37,314
Oluta;Municipality;13,282;13,637;14,784;17,027
Omealca;Municipality;22,085;21,620;22,561;23,773
Orizaba;Municipality;118,593;117,289;120,995;123,182
Otatitlán;Municipality;5,236;5,562;5,250;5,651
Oteapan;Municipality;12,137;12,759;14,965;10,343
Ozuluama de Mascareñas;Municipality;24,394;23,190;23,276;22,756
Pajapan;Municipality;14,071;14,621;15,909;18,051
Pánuco;Municipality;90,657;91,006;97,290;96,185
Papantla;Municipality;170,304;152,863;158,599;159,910
Paso del Macho;Municipality;26,567;27,331;29,165;31,894
Paso de Ovejas;Municipality;30,791;29,828;32,576;33,442
Perote;Municipality;54,365;61,272;68,982;77,432
Platón Sánchez;Municipality;17,509;17,670;17,888;18,053
Playa Vicente;Municipality;...;38,125;40,984;39,327
Poza Rica de Hidalgo;Municipality;152,838;181,438;193,311;189,457
Pueblo Viejo;Municipality;50,329;52,593;55,358;57,909
Puente Nacional;Municipality;18,999;20,148;21,603;23,544
Rafael Delgado;Municipality;14,730;17,473;20,245;24,127
Rafael Lucio;Municipality;5,342;5,966;7,023;8,343
Río Blanco;Municipality;39,327;40,018;40,634;41,795
Saltabarranca;Municipality;5,684;5,753;5,908;6,126
San Andrés Tenejapan;Municipality;2,214;2,488;2,715;3,134
San Andrés Tuxtla;Municipality;142,343;148,447;157,364;162,428
San Juan Evangelista;Municipality;32,645;30,826;33,435;32,631
San Rafael (← Martínez de la Torre);Municipality;...;28,291;29,277;30,351
Santiago Sochiapan (← Playa Vicente);Municipality;...;7,639;12,409;13,062
Santiago Tuxtla;Municipality;54,539;54,939;56,427;57,085
Sayula de Alemán;Municipality;27,958;28,813;31,974;32,400
Sochiapa;Municipality;3,105;3,183;3,502;3,925
Soconusco;Municipality;11,467;12,456;14,395;16,574
Soledad Atzompa;Municipality;16,392;19,189;21,380;24,578
Soledad de Doblado;Municipality;27,198;26,807;27,008;28,130
Soteapan;Municipality;27,486;28,104;32,596;34,385
Tamalín;Municipality;11,589;11,269;11,211;11,631
Tamiahua;Municipality;26,306;23,984;23,588;21,902
Tampico Alto;Municipality;12,643;11,971;12,242;11,561
Tancoco;Municipality;6,254;5,844;5,873;5,795
Tantima;Municipality;13,455;13,248;12,814;11,991
Tantoyuca;Municipality;94,829;97,949;101,743;99,959
Tatahuicapan de Juárez;Municipality;12,488;12,350;14,297;15,044
Tatatila;Municipality;4,881;5,273;5,584;6,041
Tecolutla;Municipality;25,681;24,258;25,126;24,551
Tehuipango;Municipality;17,640;20,406;23,479;29,686
Tempoal;Municipality;36,359;33,107;34,956;34,408
Tenampa;Municipality;5,900;5,646;6,247;6,448
Tenochtitlán;Municipality;5,603;4,995;5,222;5,040
Teocelo;Municipality;14,900;15,130;16,327;16,957
Tepatlaxco;Municipality;7,844;7,618;8,249;8,925
Tepetlán;Municipality;8,455;8,703;9,004;9,405
Tepetzintla;Municipality;13,754;13,672;13,949;14,619
Tequila;Municipality;11,958;12,206;14,648;16,343
Texcatepec;Municipality;9,051;9,733;10,627;10,824
Texhuacán;Municipality;4,642;4,740;5,292;5,575
Texistepec;Municipality;19,066;18,114;20,199;19,925
Tezonapa;Municipality;51,006;47,878;52,584;54,537
Tierra Blanca;Municipality;89,382;86,075;94,087;95,602
Tihuatlán;Municipality;81,088;80,923;89,774;92,726
Tlachichilco;Municipality;11,067;10,729;11,276;10,900
Tlacojalpan;Municipality;4,642;4,428;4,632;4,489
Tlacolulan;Municipality;8,899;9,420;10,299;11,685
Tlacotalpan;Municipality;14,946;13,845;13,284;12,898
Tlacotepec de Mejía;Municipality;3,624;3,529;3,965;4,284
Tlalixcoyan;Municipality;36,610;35,442;37,037;37,795
Tlalnelhuayocan;Municipality;11,484;13,855;16,311;19,664
Tlaltetela;Municipality;13,339;13,594;14,613;16,485
Tlapacoyan;Municipality;51,877;54,321;58,084;61,377
Tlaquilpa;Municipality;6,263;6,554;7,151;7,933
Tlilapan;Municipality;3,955;4,536;4,879;5,548
Tomatlán;Municipality;6,092;6,250;6,763;7,197
Tonayán;Municipality;4,839;5,293;5,696;6,105
Totutla;Municipality;14,952;15,016;16,403;17,217
Tres Valles;Municipality;44,215;42,855;45,095;44,978
Tuxpan;Municipality;126,616;134,394;143,362;154,600
Tuxtilla;Municipality;2,210;2,126;2,177;2,258
Úrsulo Galván;Municipality;27,684;26,909;29,005;30,097
Uxpanapa;Municipality;23,461;24,906;27,346;30,891
Vega de Alatorre;Municipality;18,771;18,507;19,541;20,204
Veracruz;Municipality;457,377;512,310;552,156;607,209
Villa Aldama;Municipality;7,991;9,573;10,851;12,492
Xalapa;Municipality;390,590;413,136;457,928;488,531
Xico;Municipality;28,762;32,200;35,188;39,623
Xoxocotla;Municipality;4,401;4,641;5,163;5,900
Yanga;Municipality;16,389;15,547;17,462;17,902
Yecuatla;Municipality;12,500;11,446;11,357;11,205
Zacualpan;Municipality;6,993;6,717;6,784;6,788
Zaragoza;Municipality;8,945;9,909;10,720;11,899
Zentla;Municipality;12,339;11,980;12,379;12,581
Zongolica;Municipality;39,814;39,156;41,923;45,028
Zontecomatlán de López y Fuentes;Municipality;12,339;13,091;13,866;14,644
Zozocolco de Hidalgo;Municipality;12,607;12,455;13,434;14,524
Yucatán;State;1,658,210;1,818,948;1,955,577;2,320,898
Abalá;Municipality;5,230;5,976;6,356;6,550
Acanceh;Municipality;13,166;14,312;15,337;16,772
Akil;Municipality;9,413;9,765;10,362;12,285
Baca;Municipality;5,095;5,357;5,701;6,195
Bokobá;Municipality;1,974;1,958;2,053;2,167
Buctzotz;Municipality;7,959;8,379;8,637;9,159
Cacalchén;Municipality;6,286;6,399;6,811;7,490
Calotmul;Municipality;3,916;3,839;4,095;3,949
Cansahcab;Municipality;4,743;4,738;4,696;4,466
Cantamayec;Municipality;2,085;2,283;2,407;2,755
Celestún;Municipality;6,065;6,269;6,831;8,389
Cenotillo;Municipality;3,445;3,540;3,701;3,736
Chacsinkín;Municipality;2,369;2,577;2,818;3,104
Chankom;Municipality;4,016;4,340;4,464;4,686
Chapab;Municipality;2,800;2,922;3,035;3,385
Chemax;Municipality;25,085;30,023;33,490;38,934
Chichimilá;Municipality;6,561;7,439;7,952;9,406
Chicxulub Pueblo;Municipality;3,503;3,848;4,113;4,497
Chikindzonot;Municipality;3,511;4,045;4,162;4,363
Chocholá;Municipality;4,057;4,339;4,530;4,863
Chumayel;Municipality;2,868;2,937;3,148;3,244
Conkal;Municipality;7,620;8,495;9,143;16,671
Cuncunul;Municipality;1,313;1,503;1,595;1,714
Cuzamá;Municipality;4,387;4,800;4,966;5,560
Dzán;Municipality;4,316;4,587;4,941;6,003
Dzemul;Municipality;3,150;3,263;3,489;3,622
Dzidzantún;Municipality;7,877;8,165;8,133;8,345
Dzilam de Bravo;Municipality;2,414;2,248;2,463;2,936
Dzilam González;Municipality;5,854;5,841;5,905;6,240
Dzitás;Municipality;3,413;3,443;3,540;4,015
Dzoncauich;Municipality;2,723;2,782;2,772;2,818
Espita;Municipality;12,666;14,432;15,571;16,779
Halachó;Municipality;16,864;18,125;19,072;21,255
Hocabá;Municipality;5,312;5,824;6,061;6,514
Hoctún;Municipality;5,477;5,586;5,697;6,384
Homún;Municipality;6,112;6,951;7,257;8,090
Huhí;Municipality;4,227;4,497;4,841;5,250
Hunucmá;Municipality;25,979;28,100;30,731;35,137
Ixil;Municipality;3,226;3,598;3,803;4,186
Izamal;Municipality;23,006;24,334;25,980;28,555
Kanasín;Municipality;39,191;51,774;78,709;141,939
Kantunil;Municipality;5,130;5,362;5,502;5,553
Kaua;Municipality;2,248;2,556;2,761;3,405
Kinchil;Municipality;5,534;5,964;6,571;7,530
Kopomá;Municipality;2,184;2,217;2,449;2,677
Mama;Municipality;2,720;2,697;2,888;3,296
Maní;Municipality;4,664;4,867;5,250;5,968
Maxcanú;Municipality;18,804;20,830;21,704;23,991
Mayapán;Municipality;2,484;2,972;3,269;3,965
Mérida;Municipality;...;790,000;830,732;995,129
Mocochá;Municipality;2,684;2,915;3,071;3,430
Motul;Municipality;29,485;31,547;33,978;37,804
Muna;Municipality;11,449;11,763;12,336;13,494
Muxupip;Municipality;2,537;2,627;2,755;2,990
Opichén;Municipality;5,279;5,619;6,285;7,080
Oxkutzcab;Municipality;25,483;27,084;29,325;33,854
Panabá;Municipality;7,802;7,543;7,461;7,766
Peto;Municipality;21,284;22,386;24,159;25,954
Progreso;Municipality;48,797;49,454;53,958;66,008
Quintana Roo;Municipality;993;965;942;976
Río Lagartos;Municipality;3,061;3,272;3,438;3,974
Sacalum;Municipality;3,909;4,272;4,589;4,962
Samahil;Municipality;4,354;4,764;5,008;5,631
Sanahcat;Municipality;1,452;1,526;1,619;1,701
San Felipe;Municipality;1,838;1,838;1,839;2,118
Santa Elena;Municipality;3,489;3,617;3,833;4,220
Seyé;Municipality;8,275;8,997;9,276;10,053
Sinanché;Municipality;3,039;2,972;3,126;3,206
Sotuta;Municipality;7,633;8,081;8,449;8,967
Sucilá;Municipality;3,874;3,714;3,930;3,971
Sudzal;Municipality;1,527;1,560;1,689;1,949
Suma;Municipality;1,847;1,768;1,876;1,857
Tahdziú;Municipality;3,193;3,891;4,447;5,854
Tahmek;Municipality;3,505;3,501;3,609;3,774
Teabo;Municipality;4,866;5,602;6,205;6,921
Tecoh;Municipality;14,380;15,438;16,200;17,939
Tekal de Venegas;Municipality;2,310;2,464;2,606;2,683
Tekantó;Municipality;3,889;3,780;3,683;3,747
Tekax;Municipality;34,802;37,454;40,547;45,062
Tekit;Municipality;8,464;9,163;9,884;11,020
Tekom;Municipality;2,660;2,933;3,100;3,355
Telchac Pueblo;Municipality;3,302;3,404;3,557;3,512
Telchac Puerto;Municipality;1,594;1,626;1,726;1,915
Temax;Municipality;6,396;6,764;6,817;7,037
Temozón;Municipality;12,274;14,008;14,801;16,680
Tepakán;Municipality;2,126;2,091;2,226;2,133
Tetiz;Municipality;4,201;4,468;4,725;5,464
Teya;Municipality;1,926;1,968;1,977;1,917
Ticul;Municipality;32,776;35,621;37,685;40,495
Timucuy;Municipality;5,883;6,351;6,833;7,503
Tinum;Municipality;9,533;9,960;11,421;12,700
Tixcacalcupul;Municipality;5,289;6,173;6,665;7,888
Tixkokob;Municipality;15,281;16,151;17,176;18,420
Tixméhuac;Municipality;4,012;4,329;4,746;5,444
Tixpéhual;Municipality;4,840;5,001;5,388;5,690
Tizimín;Municipality;64,104;69,553;73,138;80,672
Tunkás;Municipality;3,528;3,421;3,464;3,684
Tzucacab;Municipality;12,577;13,564;14,011;15,346
Uayma;Municipality;2,976;2,997;3,782;4,191
Ucú;Municipality;2,909;3,057;3,469;4,049
Umán;Municipality;...;44,400;50,993;69,147
Valladolid;Municipality;56,776;68,863;74,217;85,460
Xocchel;Municipality;2,824;2,935;3,236;3,451
Yaxcabá;Municipality;13,243;13,909;14,802;16,350
Yaxkukul;Municipality;2,371;2,656;2,868;3,293
Yobaín;Municipality;2,067;2,056;2,137;2,215
Zacatecas;State;1,353,610;1,367,692;1,490,668;1,622,138
Apozol;Municipality;7,371;5,898;6,314;6,260
Apulco;Municipality;4,976;4,801;5,005;4,942
Atolinga;Municipality;3,199;2,738;2,692;2,277
Benito Juárez;Municipality;4,368;3,904;4,372;4,493
Calera (Calera de Víctor Rosales);Municipality;31,897;36,106;39,917;45,759
Cañitas de Felipe Pescador;Municipality;8,522;7,893;8,239;8,255
Chalchihuites;Municipality;11,927;10,519;10,565;10,086
Concepción del Oro;Municipality;11,728;11,857;12,803;12,115
Cuauhtémoc;Municipality;10,824;11,272;11,915;13,466
El Plateado de Joaquín Amaro;Municipality;2,018;1,619;1,609;1,579
El Salvador;Municipality;3,101;2,866;2,710;2,509
Fresnillo;Municipality;183,236;196,538;213,139;240,532
Genaro Codina;Municipality;7,974;7,369;8,104;8,168
General Enrique Estrada;Municipality;5,486;5,639;5,894;6,644
General Francisco R. Murguía;Municipality;23,112;21,021;21,974;20,191
General Pánfilo Natera;Municipality;21,689;21,398;22,346;23,526
Guadalupe;Municipality;109,066;129,387;159,991;211,740
Huanusco;Municipality;5,254;4,239;4,306;4,547
Jalpa;Municipality;23,470;22,909;23,557;25,296
Jerez;Municipality;54,757;52,594;57,610;59,910
Jiménez del Teul;Municipality;5,235;4,855;4,584;4,465
Juan Aldama;Municipality;19,387;18,498;20,543;19,749
Juchipila;Municipality;12,669;11,603;12,284;12,251
Loreto;Municipality;39,921;43,411;48,365;53,709
Luis Moya;Municipality;11,418;10,982;12,234;13,184
Mazapil;Municipality;17,860;15,589;17,813;17,774
Melchor Ocampo;Municipality;2,720;2,506;2,662;2,736
Mezquital del Oro;Municipality;3,004;2,475;2,584;2,451
Miguel Auza;Municipality;21,671;20,683;22,296;23,713
Momax;Municipality;2,916;2,684;2,529;2,446
Monte Escobedo;Municipality;9,702;8,855;8,929;8,683
Morelos;Municipality;9,755;10,543;11,493;13,207
Moyahua de Estrada;Municipality;5,704;4,600;4,563;4,530
Nochistlán de Mejía;Municipality;29,282;26,195;27,932;27,945
Noria de Ángeles;Municipality;13,814;13,197;15,607;16,284
Ojocaliente;Municipality;38,219;37,545;40,740;44,144
Pánuco;Municipality;13,985;14,897;16,875;17,577
Pinos;Municipality;64,415;66,174;69,844;72,241
Río Grande;Municipality;59,330;57,708;62,693;64,535
Sain Alto;Municipality;20,775;19,333;21,533;21,844
Santa María de la Paz (← Teul de González Ortega);Municipality;...;2,601;2,821;2,767
Sombrerete;Municipality;61,652;58,201;61,188;63,665
Susticacán;Municipality;1,346;1,235;1,360;1,365
Tabasco;Municipality;15,681;14,806;15,656;16,588
Tepechitlán;Municipality;8,972;7,965;8,215;8,321
Tepetongo;Municipality;8,446;7,080;7,090;6,490
Teúl de González Ortega;Municipality;...;5,279;5,506;5,356
Tlaltenango de Sánchez Román;Municipality;23,456;21,636;25,493;27,302
Trancoso;Municipality;13,080;15,362;16,934;20,455
Trinidad García de la Cadena;Municipality;3,547;2,964;3,013;3,362
Valparaíso;Municipality;35,048;32,499;33,323;32,461
Vetagrande;Municipality;7,228;8,358;9,353;10,276
Villa de Cos;Municipality;32,125;30,420;34,328;34,623
Villa García;Municipality;14,443;16,540;18,269;19,525
Villa González Ortega;Municipality;11,870;11,856;12,893;13,208
Villa Hidalgo;Municipality;15,746;17,195;18,490;19,446
Villanueva;Municipality;32,140;28,760;29,395;31,558
Zacatecas;Municipality;123,899;132,035;138,176;149,607
México [Mexico];;97,483,412;103,263,388;112,336,538;126,014,024
